data_source_uuid,org_id,org_set_id,dataset_name,dataset_version,geom_type,geom_spec,boundary_type,has_attributes,geom_dependency_uuid,download_method,download_subtype,download_data_standard,download_filename,download_url,download_auth,documentation_url
7880,EPA,AQS,daily_aqi_by_county_2020,2020,,,county,1,10207,file,zip,csv,daily_aqi_by_county_2020.csv,https://aqs.epa.gov/aqsweb/airdata/daily_aqi_by_county_2020.zip,,https://www.epa.gov/aqs
7879,EPA,AQS,daily_aqi_by_county_2019,2019,,,county,1,10196,file,zip,csv,daily_aqi_by_county_2019.csv,https://aqs.epa.gov/aqsweb/airdata/daily_aqi_by_county_2019.zip,,https://www.epa.gov/aqs
7877,EPA,AQS,daily_aqi_by_county_2017,2017,,,county,1,10175,file,zip,csv,daily_aqi_by_county_2017.csv,https://aqs.epa.gov/aqsweb/airdata/daily_aqi_by_county_2017.zip,,https://www.epa.gov/aqs
7876,EPA,AQS,daily_aqi_by_county_2016,2016,,,county,1,10164,file,zip,csv,daily_aqi_by_county_2016.csv,https://aqs.epa.gov/aqsweb/airdata/daily_aqi_by_county_2016.zip,,https://www.epa.gov/aqs
7875,EPA,AQS,daily_aqi_by_county_2015,2015,,,county,1,10153,file,zip,csv,daily_aqi_by_county_2015.csv,https://aqs.epa.gov/aqsweb/airdata/daily_aqi_by_county_2015.zip,,https://www.epa.gov/aqs
7874,EPA,AQS,daily_aqi_by_county_2014,2014,,,county,1,10142,file,zip,csv,daily_aqi_by_county_2014.csv,https://aqs.epa.gov/aqsweb/airdata/daily_aqi_by_county_2014.zip,,https://www.epa.gov/aqs
7873,EPA,AQS,daily_aqi_by_county_2013,2013,,,county,1,10131,file,zip,csv,daily_aqi_by_county_2013.csv,https://aqs.epa.gov/aqsweb/airdata/daily_aqi_by_county_2013.zip,,https://www.epa.gov/aqs
7872,EPA,AQS,daily_aqi_by_county_2012,2012,,,county,1,10120,file,zip,csv,daily_aqi_by_county_2012.csv,https://aqs.epa.gov/aqsweb/airdata/daily_aqi_by_county_2012.zip,,https://www.epa.gov/aqs
7871,EPA,AQS,daily_aqi_by_county_2011,2011,,,county,1,10111,file,zip,csv,daily_aqi_by_county_2011.csv,https://aqs.epa.gov/aqsweb/airdata/daily_aqi_by_county_2011.zip,,https://www.epa.gov/aqs
8888,EPA,AQS,annual_conc_by_cbsa_2018,2018,,,cbsa,1,10184,file,zip,csv,annual_aqi_by_cbsa_2018.csv,https://aqs.epa.gov/aqsweb/airdata/annual_aqi_by_cbsa_2018.zip,,https://www.epa.gov/aqs
7777,EPA,AQS,annual_conc_by_monitor_2018,2018,point,,,1,7777,file,zip,csv,annual_conc_by_monitor_2018.csv,https://aqs.epa.gov/aqsweb/airdata/annual_conc_by_monitor_2018.zip,,https://www.epa.gov/aqs
1234,Census,TIGER/Line,us-county-2018,2018,polygon,"{""stage_transform"":[""dplyr::mutate(staged,geom_source_coding='GEOID',geom_source_value=GEOID,geom_name=dplyr::select(sf::st_drop_geometry(staged), n = if('NAME' %in% colnames(staged)) 'NAME' else 'NAMELSAD')$n,geom_local_value=geometry,geom_local_epsg=sf::st_crs(staged, paramaters=TRUE)$epsg)""]}",county,0,,file,zip,shp,tl_2018_us_county.shp,https://www2.census.gov/geo/tiger/TIGER2018/COUNTY/tl_2018_us_county.zip,,https://www.census.gov/geographies/mapping-files/time-series/geo/tiger-line-file.html
6666,WaterQualityData.us,WQX,station,,point,,,0,,API,zip,csv,station.csv,https://www.waterqualitydata.us/data/Station/search?mimeType=csv&zip=yes,,https://www.waterqualitydata.us/webservices_documentation
9999,CDC/ATSDR,SVI,us-county-2018,2018,,,county,1,1234,file,zip,gdb,SVI2018_US_county.gdb,https://svi.cdc.gov/Documents/Data/2018/db/states_counties/SVI_2018_US_county.zip,,https://www.atsdr.cdc.gov/placeandhealth/svi/index.html
5555,WaterQualityData.us,WQX,result,,,,,1,6666,API,zip,csv,result.csv,https://www.waterqualitydata.us/data/Result/search?characterticName={param1}&mimeType=csv&zip=yes,,https://www.waterqualitydata.us/webservices_documentation
10148,Census,TIGER/Line,us-zcta5-2014,2014,polygon,"{""stage_transform"":[""dplyr::mutate(staged,geom_source_coding='GEOID',geom_source_value=GEOID10,geom_local_value=geometry,geom_local_epsg=sf::st_crs(staged, paramaters=TRUE)$epsg)""]}",zcta5,0,,file,zip,shp,tl_2014_us_zcta510.shp,https://www2.census.gov/geo/tiger/TIGER2014/ZCTA5/tl_2014_us_zcta510.zip,,https://www.census.gov/geographies/mapping-files/time-series/geo/tiger-line-file.html
10159,Census,TIGER/Line,us-zcta5-2015,2015,polygon,"{""stage_transform"":[""dplyr::mutate(staged,geom_source_coding='GEOID',geom_source_value=GEOID10,geom_local_value=geometry,geom_local_epsg=sf::st_crs(staged, paramaters=TRUE)$epsg)""]}",zcta5,0,,file,zip,shp,tl_2015_us_zcta510.shp,https://www2.census.gov/geo/tiger/TIGER2015/ZCTA5/tl_2015_us_zcta510.zip,,https://www.census.gov/geographies/mapping-files/time-series/geo/tiger-line-file.html
7878,EPA,AQS,daily_aqi_by_county_2018,2018,,,county,1,1234,file,zip,csv,daily_aqi_by_county_2018.csv,https://aqs.epa.gov/aqsweb/airdata/daily_aqi_by_county_2018.zip,,https://www.epa.gov/aqs
10143,Census,TIGER/Line,us-metdiv-2014,2014,polygon,"{""stage_transform"":[""dplyr::mutate(staged,geom_source_coding='GEOID',geom_source_value=GEOID,geom_name=dplyr::select(sf::st_drop_geometry(staged), n = if('NAME' %in% colnames(staged)) 'NAME' else 'NAMELSAD')$n,geom_local_value=geometry,geom_local_epsg=sf::st_crs(staged, paramaters=TRUE)$epsg)""]}",metdiv,0,,file,zip,shp,tl_2014_us_metdiv.shp,https://www2.census.gov/geo/tiger/TIGER2014/METDIV/tl_2014_us_metdiv.zip,,https://www.census.gov/geographies/mapping-files/time-series/geo/tiger-line-file.html
10144,Census,TIGER/Line,us-state-2014,2014,polygon,"{""stage_transform"":[""dplyr::mutate(staged,geom_source_coding='GEOID',geom_source_value=GEOID,geom_name=dplyr::select(sf::st_drop_geometry(staged), n = if('NAME' %in% colnames(staged)) 'NAME' else 'NAMELSAD')$n,geom_local_value=geometry,geom_local_epsg=sf::st_crs(staged, paramaters=TRUE)$epsg)""]}",state,0,,file,zip,shp,tl_2014_us_state.shp,https://www2.census.gov/geo/tiger/TIGER2014/STATE/tl_2014_us_state.zip,,https://www.census.gov/geographies/mapping-files/time-series/geo/tiger-line-file.html
10191,Census,TIGER/Line,us-zcta5-2018,2018,polygon,"{""stage_transform"":[""dplyr::mutate(staged,geom_source_coding='GEOID',geom_source_value=GEOID10,geom_local_value=geometry,geom_local_epsg=sf::st_crs(staged, paramaters=TRUE)$epsg)""]}",zcta5,0,,file,zip,shp,tl_2018_us_zcta510.shp,https://www2.census.gov/geo/tiger/TIGER2018/ZCTA5/tl_2018_us_zcta510.zip,,https://www.census.gov/geographies/mapping-files/time-series/geo/tiger-line-file.html
10202,Census,TIGER/Line,us-zcta5-2019,2019,polygon,"{""stage_transform"":[""dplyr::mutate(staged,geom_source_coding='GEOID',geom_source_value=GEOID10,geom_local_value=geometry,geom_local_epsg=sf::st_crs(staged, paramaters=TRUE)$epsg)""]}",zcta5,0,,file,zip,shp,tl_2019_us_zcta510.shp,https://www2.census.gov/geo/tiger/TIGER2019/ZCTA5/tl_2019_us_zcta510.zip,,https://www.census.gov/geographies/mapping-files/time-series/geo/tiger-line-file.html
10149,Census,TIGER/Line,us-aiannh-2015,2015,polygon,"{""stage_transform"":[""dplyr::mutate(staged,geom_source_coding='GEOID',geom_source_value=GEOID,geom_name=dplyr::select(sf::st_drop_geometry(staged), n = if('NAME' %in% colnames(staged)) 'NAME' else 'NAMELSAD')$n,geom_local_value=geometry,geom_local_epsg=sf::st_crs(staged, paramaters=TRUE)$epsg)""]}",aiannh,0,,file,zip,shp,tl_2015_us_aiannh.shp,https://www2.census.gov/geo/tiger/TIGER2015/AIANNH/tl_2015_us_aiannh.zip,,https://www.census.gov/geographies/mapping-files/time-series/geo/tiger-line-file.html
10150,Census,TIGER/Line,us-aitsn-2015,2015,polygon,"{""stage_transform"":[""dplyr::mutate(staged,geom_source_coding='GEOID',geom_source_value=GEOID,geom_name=dplyr::select(sf::st_drop_geometry(staged), n = if('NAME' %in% colnames(staged)) 'NAME' else 'NAMELSAD')$n,geom_local_value=geometry,geom_local_epsg=sf::st_crs(staged, paramaters=TRUE)$epsg)""]}",aitsn,0,,file,zip,shp,tl_2015_us_aitsn.shp,https://www2.census.gov/geo/tiger/TIGER2015/AITSN/tl_2015_us_aitsn.zip,,https://www.census.gov/geographies/mapping-files/time-series/geo/tiger-line-file.html
10151,Census,TIGER/Line,us-cbsa-2015,2015,polygon,"{""stage_transform"":[""dplyr::mutate(staged,geom_source_coding='GEOID',geom_source_value=GEOID,geom_name=dplyr::select(sf::st_drop_geometry(staged), n = if('NAME' %in% colnames(staged)) 'NAME' else 'NAMELSAD')$n,geom_local_value=geometry,geom_local_epsg=sf::st_crs(staged, paramaters=TRUE)$epsg)""]}",cbsa,0,,file,zip,shp,tl_2015_us_cbsa.shp,https://www2.census.gov/geo/tiger/TIGER2015/CBSA/tl_2015_us_cbsa.zip,,https://www.census.gov/geographies/mapping-files/time-series/geo/tiger-line-file.html
10152,Census,TIGER/Line,us-csa-2015,2015,polygon,"{""stage_transform"":[""dplyr::mutate(staged,geom_source_coding='GEOID',geom_source_value=GEOID,geom_name=dplyr::select(sf::st_drop_geometry(staged), n = if('NAME' %in% colnames(staged)) 'NAME' else 'NAMELSAD')$n,geom_local_value=geometry,geom_local_epsg=sf::st_crs(staged, paramaters=TRUE)$epsg)""]}",csa,0,,file,zip,shp,tl_2015_us_csa.shp,https://www2.census.gov/geo/tiger/TIGER2015/CSA/tl_2015_us_csa.zip,,https://www.census.gov/geographies/mapping-files/time-series/geo/tiger-line-file.html
10153,Census,TIGER/Line,us-county-2015,2015,polygon,"{""stage_transform"":[""dplyr::mutate(staged,geom_source_coding='GEOID',geom_source_value=GEOID,geom_name=dplyr::select(sf::st_drop_geometry(staged), n = if('NAME' %in% colnames(staged)) 'NAME' else 'NAMELSAD')$n,geom_local_value=geometry,geom_local_epsg=sf::st_crs(staged, paramaters=TRUE)$epsg)""]}",county,0,,file,zip,shp,tl_2015_us_county.shp,https://www2.census.gov/geo/tiger/TIGER2015/COUNTY/tl_2015_us_county.zip,,https://www.census.gov/geographies/mapping-files/time-series/geo/tiger-line-file.html
10154,Census,TIGER/Line,us-metdiv-2015,2015,polygon,"{""stage_transform"":[""dplyr::mutate(staged,geom_source_coding='GEOID',geom_source_value=GEOID,geom_name=dplyr::select(sf::st_drop_geometry(staged), n = if('NAME' %in% colnames(staged)) 'NAME' else 'NAMELSAD')$n,geom_local_value=geometry,geom_local_epsg=sf::st_crs(staged, paramaters=TRUE)$epsg)""]}",metdiv,0,,file,zip,shp,tl_2015_us_metdiv.shp,https://www2.census.gov/geo/tiger/TIGER2015/METDIV/tl_2015_us_metdiv.zip,,https://www.census.gov/geographies/mapping-files/time-series/geo/tiger-line-file.html
10156,Census,TIGER/Line,us-tbg-2015,2015,polygon,"{""stage_transform"":[""dplyr::mutate(staged,geom_source_coding='GEOID',geom_source_value=GEOID,geom_name=dplyr::select(sf::st_drop_geometry(staged), n = if('NAME' %in% colnames(staged)) 'NAME' else 'NAMELSAD')$n,geom_local_value=geometry,geom_local_epsg=sf::st_crs(staged, paramaters=TRUE)$epsg)""]}",tbg,0,,file,zip,shp,tl_2015_us_tbg.shp,https://www2.census.gov/geo/tiger/TIGER2015/TBG/tl_2015_us_tbg.zip,,https://www.census.gov/geographies/mapping-files/time-series/geo/tiger-line-file.html
10157,Census,TIGER/Line,us-ttract-2015,2015,polygon,"{""stage_transform"":[""dplyr::mutate(staged,geom_source_coding='GEOID',geom_source_value=GEOID,geom_name=dplyr::select(sf::st_drop_geometry(staged), n = if('NAME' %in% colnames(staged)) 'NAME' else 'NAMELSAD')$n,geom_local_value=geometry,geom_local_epsg=sf::st_crs(staged, paramaters=TRUE)$epsg)""]}",ttract,0,,file,zip,shp,tl_2015_us_ttract.shp,https://www2.census.gov/geo/tiger/TIGER2015/TTRACT/tl_2015_us_ttract.zip,,https://www.census.gov/geographies/mapping-files/time-series/geo/tiger-line-file.html
10170,Census,TIGER/Line,us-zcta5-2016,2016,polygon,"{""stage_transform"":[""dplyr::mutate(staged,geom_source_coding='GEOID',geom_source_value=GEOID10,geom_local_value=geometry,geom_local_epsg=sf::st_crs(staged, paramaters=TRUE)$epsg)""]}",zcta5,0,,file,zip,shp,tl_2016_us_zcta510.shp,https://www2.census.gov/geo/tiger/TIGER2016/ZCTA5/tl_2016_us_zcta510.zip,,https://www.census.gov/geographies/mapping-files/time-series/geo/tiger-line-file.html
10181,Census,TIGER/Line,us-zcta5-2017,2017,polygon,"{""stage_transform"":[""dplyr::mutate(staged,geom_source_coding='GEOID',geom_source_value=GEOID10,geom_local_value=geometry,geom_local_epsg=sf::st_crs(staged, paramaters=TRUE)$epsg)""]}",zcta5,0,,file,zip,shp,tl_2017_us_zcta510.shp,https://www2.census.gov/geo/tiger/TIGER2017/ZCTA5/tl_2017_us_zcta510.zip,,https://www.census.gov/geographies/mapping-files/time-series/geo/tiger-line-file.html
7778,EPA,AQS,annual_conc_by_monitor_2018,2018,point,"{""stage_transform"":[""dplyr::mutate(staged,geom_source_coding='state_count_site',geom_source_value=paste0(staged$State.Code, '_', staged$County.Code, '_', staged$Site.Num),geom_name=Local.Site.Name,geom_local_value=sf::st_as_binary(sf::st_as_sf(staged, coords=c('Latitude', 'Longitude'))$geometry,EWKB=TRUE, hex=TRUE),geom_local_epsg=dplyr::left_join(staged['Datum'], tibble(Datum = c('NAD83', 'WGS84'), epsg = c(4326, 4269)))[['epsg']])""]}",,1,7778,file,zip,csv,annual_conc_by_monitor_2018.csv,https://aqs.epa.gov/aqsweb/airdata/annual_conc_by_monitor_2018.zip,,https://www.epa.gov/aqs
10169,Census,TIGER/Line,us-uac-2016,2016,polygon,"{""stage_transform"":[""dplyr::mutate(staged,geom_source_coding='GEOID',geom_source_value=GEOID10,geom_name=dplyr::select(sf::st_drop_geometry(staged), n = if('NAME10' %in% colnames(staged)) 'NAME10' else 'NAMELSAD10')$n,geom_local_value=geometry,geom_local_epsg=sf::st_crs(staged, paramaters=TRUE)$epsg)""]}",uac,0,,file,zip,shp,tl_2016_us_uac10.shp,https://www2.census.gov/geo/tiger/TIGER2016/UAC/tl_2016_us_uac10.zip,,https://www.census.gov/geographies/mapping-files/time-series/geo/tiger-line-file.html
10166,Census,TIGER/Line,us-state-2016,2016,polygon,"{""stage_transform"":[""dplyr::mutate(staged,geom_source_coding='GEOID',geom_source_value=GEOID,geom_name=dplyr::select(sf::st_drop_geometry(staged), n = if('NAME' %in% colnames(staged)) 'NAME' else 'NAMELSAD')$n,geom_local_value=geometry,geom_local_epsg=sf::st_crs(staged, paramaters=TRUE)$epsg)""]}",state,0,,file,zip,shp,tl_2016_us_state.shp,https://www2.census.gov/geo/tiger/TIGER2016/STATE/tl_2016_us_state.zip,,https://www.census.gov/geographies/mapping-files/time-series/geo/tiger-line-file.html
10167,Census,TIGER/Line,us-tbg-2016,2016,polygon,"{""stage_transform"":[""dplyr::mutate(staged,geom_source_coding='GEOID',geom_source_value=GEOID,geom_name=dplyr::select(sf::st_drop_geometry(staged), n = if('NAME' %in% colnames(staged)) 'NAME' else 'NAMELSAD')$n,geom_local_value=geometry,geom_local_epsg=sf::st_crs(staged, paramaters=TRUE)$epsg)""]}",tbg,0,,file,zip,shp,tl_2016_us_tbg.shp,https://www2.census.gov/geo/tiger/TIGER2016/TBG/tl_2016_us_tbg.zip,,https://www.census.gov/geographies/mapping-files/time-series/geo/tiger-line-file.html
10138,Census,TIGER/Line,us-aiannh-2014,2014,polygon,"{""stage_transform"":[""dplyr::mutate(staged,geom_source_coding='GEOID',geom_source_value=GEOID,geom_name=dplyr::select(sf::st_drop_geometry(staged), n = if('NAME' %in% colnames(staged)) 'NAME' else 'NAMELSAD')$n,geom_local_value=geometry,geom_local_epsg=sf::st_crs(staged, paramaters=TRUE)$epsg)""]}",aiannh,0,,file,zip,shp,tl_2014_us_aiannh.shp,https://www2.census.gov/geo/tiger/TIGER2014/AIANNH/tl_2014_us_aiannh.zip,,https://www.census.gov/geographies/mapping-files/time-series/geo/tiger-line-file.html
10139,Census,TIGER/Line,us-aitsn-2014,2014,polygon,"{""stage_transform"":[""dplyr::mutate(staged,geom_source_coding='GEOID',geom_source_value=GEOID,geom_name=dplyr::select(sf::st_drop_geometry(staged), n = if('NAME' %in% colnames(staged)) 'NAME' else 'NAMELSAD')$n,geom_local_value=geometry,geom_local_epsg=sf::st_crs(staged, paramaters=TRUE)$epsg)""]}",aitsn,0,,file,zip,shp,tl_2014_us_aitsn.shp,https://www2.census.gov/geo/tiger/TIGER2014/AITS/tl_2014_us_aitsn.zip,,https://www.census.gov/geographies/mapping-files/time-series/geo/tiger-line-file.html
10140,Census,TIGER/Line,us-cbsa-2014,2014,polygon,"{""stage_transform"":[""dplyr::mutate(staged,geom_source_coding='GEOID',geom_source_value=GEOID,geom_name=dplyr::select(sf::st_drop_geometry(staged), n = if('NAME' %in% colnames(staged)) 'NAME' else 'NAMELSAD')$n,geom_local_value=geometry,geom_local_epsg=sf::st_crs(staged, paramaters=TRUE)$epsg)""]}",cbsa,0,,file,zip,shp,tl_2014_us_cbsa.shp,https://www2.census.gov/geo/tiger/TIGER2014/CBSA/tl_2014_us_cbsa.zip,,https://www.census.gov/geographies/mapping-files/time-series/geo/tiger-line-file.html
10141,Census,TIGER/Line,us-csa-2014,2014,polygon,"{""stage_transform"":[""dplyr::mutate(staged,geom_source_coding='GEOID',geom_source_value=GEOID,geom_name=dplyr::select(sf::st_drop_geometry(staged), n = if('NAME' %in% colnames(staged)) 'NAME' else 'NAMELSAD')$n,geom_local_value=geometry,geom_local_epsg=sf::st_crs(staged, paramaters=TRUE)$epsg)""]}",csa,0,,file,zip,shp,tl_2014_us_csa.shp,https://www2.census.gov/geo/tiger/TIGER2014/CSA/tl_2014_us_csa.zip,,https://www.census.gov/geographies/mapping-files/time-series/geo/tiger-line-file.html
10142,Census,TIGER/Line,us-county-2014,2014,polygon,"{""stage_transform"":[""dplyr::mutate(staged,geom_source_coding='GEOID',geom_source_value=GEOID,geom_name=dplyr::select(sf::st_drop_geometry(staged), n = if('NAME' %in% colnames(staged)) 'NAME' else 'NAMELSAD')$n,geom_local_value=geometry,geom_local_epsg=sf::st_crs(staged, paramaters=TRUE)$epsg)""]}",county,0,,file,zip,shp,tl_2014_us_county.shp,https://www2.census.gov/geo/tiger/TIGER2014/COUNTY/tl_2014_us_county.zip,,https://www.census.gov/geographies/mapping-files/time-series/geo/tiger-line-file.html
10175,Census,TIGER/Line,us-county-2017,2017,polygon,"{""stage_transform"":[""dplyr::mutate(staged,geom_source_coding='GEOID',geom_source_value=GEOID,geom_name=dplyr::select(sf::st_drop_geometry(staged), n = if('NAME' %in% colnames(staged)) 'NAME' else 'NAMELSAD')$n,geom_local_value=geometry,geom_local_epsg=sf::st_crs(staged, paramaters=TRUE)$epsg)""]}",county,0,,file,zip,shp,tl_2017_us_county.shp,https://www2.census.gov/geo/tiger/TIGER2017/COUNTY/tl_2017_us_county.zip,,https://www.census.gov/geographies/mapping-files/time-series/geo/tiger-line-file.html
10176,Census,TIGER/Line,us-metdiv-2017,2017,polygon,"{""stage_transform"":[""dplyr::mutate(staged,geom_source_coding='GEOID',geom_source_value=GEOID,geom_name=dplyr::select(sf::st_drop_geometry(staged), n = if('NAME' %in% colnames(staged)) 'NAME' else 'NAMELSAD')$n,geom_local_value=geometry,geom_local_epsg=sf::st_crs(staged, paramaters=TRUE)$epsg)""]}",metdiv,0,,file,zip,shp,tl_2017_us_metdiv.shp,https://www2.census.gov/geo/tiger/TIGER2017/METDIV/tl_2017_us_metdiv.zip,,https://www.census.gov/geographies/mapping-files/time-series/geo/tiger-line-file.html
10177,Census,TIGER/Line,us-state-2017,2017,polygon,"{""stage_transform"":[""dplyr::mutate(staged,geom_source_coding='GEOID',geom_source_value=GEOID,geom_name=dplyr::select(sf::st_drop_geometry(staged), n = if('NAME' %in% colnames(staged)) 'NAME' else 'NAMELSAD')$n,geom_local_value=geometry,geom_local_epsg=sf::st_crs(staged, paramaters=TRUE)$epsg)""]}",state,0,,file,zip,shp,tl_2017_us_state.shp,https://www2.census.gov/geo/tiger/TIGER2017/STATE/tl_2017_us_state.zip,,https://www.census.gov/geographies/mapping-files/time-series/geo/tiger-line-file.html
10178,Census,TIGER/Line,us-tbg-2017,2017,polygon,"{""stage_transform"":[""dplyr::mutate(staged,geom_source_coding='GEOID',geom_source_value=GEOID,geom_name=dplyr::select(sf::st_drop_geometry(staged), n = if('NAME' %in% colnames(staged)) 'NAME' else 'NAMELSAD')$n,geom_local_value=geometry,geom_local_epsg=sf::st_crs(staged, paramaters=TRUE)$epsg)""]}",tbg,0,,file,zip,shp,tl_2017_us_tbg.shp,https://www2.census.gov/geo/tiger/TIGER2017/TBG/tl_2017_us_tbg.zip,,https://www.census.gov/geographies/mapping-files/time-series/geo/tiger-line-file.html
10179,Census,TIGER/Line,us-ttract-2017,2017,polygon,"{""stage_transform"":[""dplyr::mutate(staged,geom_source_coding='GEOID',geom_source_value=GEOID,geom_name=dplyr::select(sf::st_drop_geometry(staged), n = if('NAME' %in% colnames(staged)) 'NAME' else 'NAMELSAD')$n,geom_local_value=geometry,geom_local_epsg=sf::st_crs(staged, paramaters=TRUE)$epsg)""]}",ttract,0,,file,zip,shp,tl_2017_us_ttract.shp,https://www2.census.gov/geo/tiger/TIGER2017/TTRACT/tl_2017_us_ttract.zip,,https://www.census.gov/geographies/mapping-files/time-series/geo/tiger-line-file.html
10180,Census,TIGER/Line,us-uac-2017,2017,polygon,"{""stage_transform"":[""dplyr::mutate(staged,geom_source_coding='GEOID',geom_source_value=GEOID10,geom_name=dplyr::select(sf::st_drop_geometry(staged), n = if('NAME10' %in% colnames(staged)) 'NAME10' else 'NAMELSAD10')$n,geom_local_value=geometry,geom_local_epsg=sf::st_crs(staged, paramaters=TRUE)$epsg)""]}",uac,0,,file,zip,shp,tl_2017_us_uac10.shp,https://www2.census.gov/geo/tiger/TIGER2017/UAC/tl_2017_us_uac10.zip,,https://www.census.gov/geographies/mapping-files/time-series/geo/tiger-line-file.html
10183,Census,TIGER/Line,us-aitsn-2018,2018,polygon,"{""stage_transform"":[""dplyr::mutate(staged,geom_source_coding='GEOID',geom_source_value=GEOID,geom_name=dplyr::select(sf::st_drop_geometry(staged), n = if('NAME' %in% colnames(staged)) 'NAME' else 'NAMELSAD')$n,geom_local_value=geometry,geom_local_epsg=sf::st_crs(staged, paramaters=TRUE)$epsg)""]}",aitsn,0,,file,zip,shp,tl_2018_us_aitsn.shp,https://www2.census.gov/geo/tiger/TIGER2018/AITSN/tl_2018_us_aitsn.zip,,https://www.census.gov/geographies/mapping-files/time-series/geo/tiger-line-file.html
10186,Census,TIGER/Line,us-metdiv-2018,2018,polygon,"{""stage_transform"":[""dplyr::mutate(staged,geom_source_coding='GEOID',geom_source_value=GEOID,geom_name=dplyr::select(sf::st_drop_geometry(staged), n = if('NAME' %in% colnames(staged)) 'NAME' else 'NAMELSAD')$n,geom_local_value=geometry,geom_local_epsg=sf::st_crs(staged, paramaters=TRUE)$epsg)""]}",metdiv,0,,file,zip,shp,tl_2018_us_metdiv.shp,https://www2.census.gov/geo/tiger/TIGER2018/METDIV/tl_2018_us_metdiv.zip,,https://www.census.gov/geographies/mapping-files/time-series/geo/tiger-line-file.html
10187,Census,TIGER/Line,us-state-2018,2018,polygon,"{""stage_transform"":[""dplyr::mutate(staged,geom_source_coding='GEOID',geom_source_value=GEOID,geom_name=dplyr::select(sf::st_drop_geometry(staged), n = if('NAME' %in% colnames(staged)) 'NAME' else 'NAMELSAD')$n,geom_local_value=geometry,geom_local_epsg=sf::st_crs(staged, paramaters=TRUE)$epsg)""]}",state,0,,file,zip,shp,tl_2018_us_state.shp,https://www2.census.gov/geo/tiger/TIGER2018/STATE/tl_2018_us_state.zip,,https://www.census.gov/geographies/mapping-files/time-series/geo/tiger-line-file.html
10188,Census,TIGER/Line,us-tbg-2018,2018,polygon,"{""stage_transform"":[""dplyr::mutate(staged,geom_source_coding='GEOID',geom_source_value=GEOID,geom_name=dplyr::select(sf::st_drop_geometry(staged), n = if('NAME' %in% colnames(staged)) 'NAME' else 'NAMELSAD')$n,geom_local_value=geometry,geom_local_epsg=sf::st_crs(staged, paramaters=TRUE)$epsg)""]}",tbg,0,,file,zip,shp,tl_2018_us_tbg.shp,https://www2.census.gov/geo/tiger/TIGER2018/TBG/tl_2018_us_tbg.zip,,https://www.census.gov/geographies/mapping-files/time-series/geo/tiger-line-file.html
10189,Census,TIGER/Line,us-ttract-2018,2018,polygon,"{""stage_transform"":[""dplyr::mutate(staged,geom_source_coding='GEOID',geom_source_value=GEOID,geom_name=dplyr::select(sf::st_drop_geometry(staged), n = if('NAME' %in% colnames(staged)) 'NAME' else 'NAMELSAD')$n,geom_local_value=geometry,geom_local_epsg=sf::st_crs(staged, paramaters=TRUE)$epsg)""]}",ttract,0,,file,zip,shp,tl_2018_us_ttract.shp,https://www2.census.gov/geo/tiger/TIGER2018/TTRACT/tl_2018_us_ttract.zip,,https://www.census.gov/geographies/mapping-files/time-series/geo/tiger-line-file.html
10192,Census,TIGER/Line,us-aiannh-2019,2019,polygon,"{""stage_transform"":[""dplyr::mutate(staged,geom_source_coding='GEOID',geom_source_value=GEOID,geom_name=dplyr::select(sf::st_drop_geometry(staged), n = if('NAME' %in% colnames(staged)) 'NAME' else 'NAMELSAD')$n,geom_local_value=geometry,geom_local_epsg=sf::st_crs(staged, paramaters=TRUE)$epsg)""]}",aiannh,0,,file,zip,shp,tl_2019_us_aiannh.shp,https://www2.census.gov/geo/tiger/TIGER2019/AIANNH/tl_2019_us_aiannh.zip,,https://www.census.gov/geographies/mapping-files/time-series/geo/tiger-line-file.html
10193,Census,TIGER/Line,us-aitsn-2019,2019,polygon,"{""stage_transform"":[""dplyr::mutate(staged,geom_source_coding='GEOID',geom_source_value=GEOID,geom_name=dplyr::select(sf::st_drop_geometry(staged), n = if('NAME' %in% colnames(staged)) 'NAME' else 'NAMELSAD')$n,geom_local_value=geometry,geom_local_epsg=sf::st_crs(staged, paramaters=TRUE)$epsg)""]}",aitsn,0,,file,zip,shp,tl_2019_us_aitsn.shp,https://www2.census.gov/geo/tiger/TIGER2019/AITSN/tl_2019_us_aitsn.zip,,https://www.census.gov/geographies/mapping-files/time-series/geo/tiger-line-file.html
10194,Census,TIGER/Line,us-cbsa-2019,2019,polygon,"{""stage_transform"":[""dplyr::mutate(staged,geom_source_coding='GEOID',geom_source_value=GEOID,geom_name=dplyr::select(sf::st_drop_geometry(staged), n = if('NAME' %in% colnames(staged)) 'NAME' else 'NAMELSAD')$n,geom_local_value=geometry,geom_local_epsg=sf::st_crs(staged, paramaters=TRUE)$epsg)""]}",cbsa,0,,file,zip,shp,tl_2019_us_cbsa.shp,https://www2.census.gov/geo/tiger/TIGER2019/CBSA/tl_2019_us_cbsa.zip,,https://www.census.gov/geographies/mapping-files/time-series/geo/tiger-line-file.html
10195,Census,TIGER/Line,us-csa-2019,2019,polygon,"{""stage_transform"":[""dplyr::mutate(staged,geom_source_coding='GEOID',geom_source_value=GEOID,geom_name=dplyr::select(sf::st_drop_geometry(staged), n = if('NAME' %in% colnames(staged)) 'NAME' else 'NAMELSAD')$n,geom_local_value=geometry,geom_local_epsg=sf::st_crs(staged, paramaters=TRUE)$epsg)""]}",csa,0,,file,zip,shp,tl_2019_us_csa.shp,https://www2.census.gov/geo/tiger/TIGER2019/CSA/tl_2019_us_csa.zip,,https://www.census.gov/geographies/mapping-files/time-series/geo/tiger-line-file.html
10198,Census,TIGER/Line,us-state-2019,2019,polygon,"{""stage_transform"":[""dplyr::mutate(staged,geom_source_coding='GEOID',geom_source_value=GEOID,geom_name=dplyr::select(sf::st_drop_geometry(staged), n = if('NAME' %in% colnames(staged)) 'NAME' else 'NAMELSAD')$n,geom_local_value=geometry,geom_local_epsg=sf::st_crs(staged, paramaters=TRUE)$epsg)""]}",state,0,,file,zip,shp,tl_2019_us_state.shp,https://www2.census.gov/geo/tiger/TIGER2019/STATE/tl_2019_us_state.zip,,https://www.census.gov/geographies/mapping-files/time-series/geo/tiger-line-file.html
10200,Census,TIGER/Line,us-ttract-2019,2019,polygon,"{""stage_transform"":[""dplyr::mutate(staged,geom_source_coding='GEOID',geom_source_value=GEOID,geom_name=dplyr::select(sf::st_drop_geometry(staged), n = if('NAME' %in% colnames(staged)) 'NAME' else 'NAMELSAD')$n,geom_local_value=geometry,geom_local_epsg=sf::st_crs(staged, paramaters=TRUE)$epsg)""]}",ttract,0,,file,zip,shp,tl_2019_us_ttract.shp,https://www2.census.gov/geo/tiger/TIGER2019/TTRACT/tl_2019_us_ttract.zip,,https://www.census.gov/geographies/mapping-files/time-series/geo/tiger-line-file.html
10203,Census,TIGER/Line,us-aiannh-2020,2020,polygon,"{""stage_transform"":[""dplyr::mutate(staged,geom_source_coding='GEOID',geom_source_value=GEOID,geom_name=dplyr::select(sf::st_drop_geometry(staged), n = if('NAME' %in% colnames(staged)) 'NAME' else 'NAMELSAD')$n,geom_local_value=geometry,geom_local_epsg=sf::st_crs(staged, paramaters=TRUE)$epsg)""]}",aiannh,0,,file,zip,shp,tl_2020_us_aiannh.shp,https://www2.census.gov/geo/tiger/TIGER2020/AIANNH/tl_2020_us_aiannh.zip,,https://www.census.gov/geographies/mapping-files/time-series/geo/tiger-line-file.html
10204,Census,TIGER/Line,us-aitsn-2020,2020,polygon,"{""stage_transform"":[""dplyr::mutate(staged,geom_source_coding='GEOID',geom_source_value=GEOID,geom_name=dplyr::select(sf::st_drop_geometry(staged), n = if('NAME' %in% colnames(staged)) 'NAME' else 'NAMELSAD')$n,geom_local_value=geometry,geom_local_epsg=sf::st_crs(staged, paramaters=TRUE)$epsg)""]}",aitsn,0,,file,zip,shp,tl_2020_us_aitsn.shp,https://www2.census.gov/geo/tiger/TIGER2020/AITSN/tl_2020_us_aitsn.zip,,https://www.census.gov/geographies/mapping-files/time-series/geo/tiger-line-file.html
10206,Census,TIGER/Line,us-csa-2020,2020,polygon,"{""stage_transform"":[""dplyr::mutate(staged,geom_source_coding='GEOID',geom_source_value=GEOID,geom_name=dplyr::select(sf::st_drop_geometry(staged), n = if('NAME' %in% colnames(staged)) 'NAME' else 'NAMELSAD')$n,geom_local_value=geometry,geom_local_epsg=sf::st_crs(staged, paramaters=TRUE)$epsg)""]}",csa,0,,file,zip,shp,tl_2020_us_csa.shp,https://www2.census.gov/geo/tiger/TIGER2020/CSA/tl_2020_us_csa.zip,,https://www.census.gov/geographies/mapping-files/time-series/geo/tiger-line-file.html
10127,Census,TIGER/Line,us-aiannh-2013,2013,polygon,"{""stage_transform"":[""dplyr::mutate(staged,geom_source_coding='GEOID',geom_source_value=GEOID,geom_name=dplyr::select(sf::st_drop_geometry(staged), n = if('NAME' %in% colnames(staged)) 'NAME' else 'NAMELSAD')$n,geom_local_value=geometry,geom_local_epsg=sf::st_crs(staged, paramaters=TRUE)$epsg)""]}",aiannh,0,,file,zip,shp,tl_2013_us_aiannh.shp,https://www2.census.gov/geo/tiger/TIGER2013/AIANNH/tl_2013_us_aiannh.zip,,https://www.census.gov/geographies/mapping-files/time-series/geo/tiger-line-file.html
10128,Census,TIGER/Line,us-aitsn-2013,2013,polygon,"{""stage_transform"":[""dplyr::mutate(staged,geom_source_coding='GEOID',geom_source_value=GEOID,geom_name=dplyr::select(sf::st_drop_geometry(staged), n = if('NAME' %in% colnames(staged)) 'NAME' else 'NAMELSAD')$n,geom_local_value=geometry,geom_local_epsg=sf::st_crs(staged, paramaters=TRUE)$epsg)""]}",aitsn,0,,file,zip,shp,tl_2013_us_aitsn.shp,https://www2.census.gov/geo/tiger/TIGER2013/AITS/tl_2013_us_aitsn.zip,,https://www.census.gov/geographies/mapping-files/time-series/geo/tiger-line-file.html
10129,Census,TIGER/Line,us-cbsa-2013,2013,polygon,"{""stage_transform"":[""dplyr::mutate(staged,geom_source_coding='GEOID',geom_source_value=GEOID,geom_name=dplyr::select(sf::st_drop_geometry(staged), n = if('NAME' %in% colnames(staged)) 'NAME' else 'NAMELSAD')$n,geom_local_value=geometry,geom_local_epsg=sf::st_crs(staged, paramaters=TRUE)$epsg)""]}",cbsa,0,,file,zip,shp,tl_2013_us_cbsa.shp,https://www2.census.gov/geo/tiger/TIGER2013/CBSA/tl_2013_us_cbsa.zip,,https://www.census.gov/geographies/mapping-files/time-series/geo/tiger-line-file.html
10130,Census,TIGER/Line,us-csa-2013,2013,polygon,"{""stage_transform"":[""dplyr::mutate(staged,geom_source_coding='GEOID',geom_source_value=GEOID,geom_name=dplyr::select(sf::st_drop_geometry(staged), n = if('NAME' %in% colnames(staged)) 'NAME' else 'NAMELSAD')$n,geom_local_value=geometry,geom_local_epsg=sf::st_crs(staged, paramaters=TRUE)$epsg)""]}",csa,0,,file,zip,shp,tl_2013_us_csa.shp,https://www2.census.gov/geo/tiger/TIGER2013/CSA/tl_2013_us_csa.zip,,https://www.census.gov/geographies/mapping-files/time-series/geo/tiger-line-file.html
10131,Census,TIGER/Line,us-county-2013,2013,polygon,"{""stage_transform"":[""dplyr::mutate(staged,geom_source_coding='GEOID',geom_source_value=GEOID,geom_name=dplyr::select(sf::st_drop_geometry(staged), n = if('NAME' %in% colnames(staged)) 'NAME' else 'NAMELSAD')$n,geom_local_value=geometry,geom_local_epsg=sf::st_crs(staged, paramaters=TRUE)$epsg)""]}",county,0,,file,zip,shp,tl_2013_us_county.shp,https://www2.census.gov/geo/tiger/TIGER2013/COUNTY/tl_2013_us_county.zip,,https://www.census.gov/geographies/mapping-files/time-series/geo/tiger-line-file.html
10132,Census,TIGER/Line,us-metdiv-2013,2013,polygon,"{""stage_transform"":[""dplyr::mutate(staged,geom_source_coding='GEOID',geom_source_value=GEOID,geom_name=dplyr::select(sf::st_drop_geometry(staged), n = if('NAME' %in% colnames(staged)) 'NAME' else 'NAMELSAD')$n,geom_local_value=geometry,geom_local_epsg=sf::st_crs(staged, paramaters=TRUE)$epsg)""]}",metdiv,0,,file,zip,shp,tl_2013_us_metdiv.shp,https://www2.census.gov/geo/tiger/TIGER2013/METDIV/tl_2013_us_metdiv.zip,,https://www.census.gov/geographies/mapping-files/time-series/geo/tiger-line-file.html
10133,Census,TIGER/Line,us-state-2013,2013,polygon,"{""stage_transform"":[""dplyr::mutate(staged,geom_source_coding='GEOID',geom_source_value=GEOID,geom_name=dplyr::select(sf::st_drop_geometry(staged), n = if('NAME' %in% colnames(staged)) 'NAME' else 'NAMELSAD')$n,geom_local_value=geometry,geom_local_epsg=sf::st_crs(staged, paramaters=TRUE)$epsg)""]}",state,0,,file,zip,shp,tl_2013_us_state.shp,https://www2.census.gov/geo/tiger/TIGER2013/STATE/tl_2013_us_state.zip,,https://www.census.gov/geographies/mapping-files/time-series/geo/tiger-line-file.html
10107,Census,TIGER/Line,us-aiannh-2011,2011,polygon,"{""stage_transform"":[""dplyr::mutate(staged,geom_source_coding='GEOID',geom_source_value=GEOID,geom_name=dplyr::select(sf::st_drop_geometry(staged), n = if('NAME' %in% colnames(staged)) 'NAME' else 'NAMELSAD')$n,geom_local_value=geometry,geom_local_epsg=sf::st_crs(staged, paramaters=TRUE)$epsg)""]}",aiannh,0,,file,zip,shp,tl_2011_us_aiannh.shp,https://www2.census.gov/geo/tiger/TIGER2011/AIANNH/tl_2011_us_aiannh.zip,,https://www.census.gov/geographies/mapping-files/time-series/geo/tiger-line-file.html
10119,Census,TIGER/Line,us-csa-2012,2012,polygon,"{""stage_transform"":[""dplyr::mutate(staged,geom_source_coding='GEOID',geom_source_value=GEOID,geom_name=dplyr::select(sf::st_drop_geometry(staged), n = if('NAME' %in% colnames(staged)) 'NAME' else 'NAMELSAD')$n,geom_local_value=geometry,geom_local_epsg=sf::st_crs(staged, paramaters=TRUE)$epsg)""]}",csa,0,,file,zip,shp,tl_2012_us_csa.shp,https://www2.census.gov/geo/tiger/TIGER2012/CSA/tl_2012_us_csa.zip,,https://www.census.gov/geographies/mapping-files/time-series/geo/tiger-line-file.html
10120,Census,TIGER/Line,us-county-2012,2012,polygon,"{""stage_transform"":[""dplyr::mutate(staged,geom_source_coding='GEOID',geom_source_value=GEOID,geom_name=dplyr::select(sf::st_drop_geometry(staged), n = if('NAME' %in% colnames(staged)) 'NAME' else 'NAMELSAD')$n,geom_local_value=geometry,geom_local_epsg=sf::st_crs(staged, paramaters=TRUE)$epsg)""]}",county,0,,file,zip,shp,tl_2012_us_county.shp,https://www2.census.gov/geo/tiger/TIGER2012/COUNTY/tl_2012_us_county.zip,,https://www.census.gov/geographies/mapping-files/time-series/geo/tiger-line-file.html
10207,Census,TIGER/Line,us-county-2020,2020,polygon,"{""stage_transform"":[""dplyr::mutate(staged,geom_source_coding='GEOID',geom_source_value=GEOID,geom_name=dplyr::select(sf::st_drop_geometry(staged), n = if('NAME' %in% colnames(staged)) 'NAME' else 'NAMELSAD')$n,geom_local_value=geometry,geom_local_epsg=sf::st_crs(staged, paramaters=TRUE)$epsg)""]}",county,0,,file,zip,shp,tl_2020_us_county.shp,https://www2.census.gov/geo/tiger/TIGER2020/COUNTY/tl_2020_us_county.zip,,https://www.census.gov/geographies/mapping-files/time-series/geo/tiger-line-file.html
10147,Census,TIGER/Line,us-uac-2014,2014,polygon,"{""stage_transform"":[""dplyr::mutate(staged,geom_source_coding='GEOID',geom_source_value=GEOID10,geom_name=dplyr::select(sf::st_drop_geometry(staged), n = if('NAME10' %in% colnames(staged)) 'NAME10' else 'NAMELSAD10')$n,geom_local_value=geometry,geom_local_epsg=sf::st_crs(staged, paramaters=TRUE)$epsg)""]}",uac,0,,file,zip,shp,tl_2014_us_uac10.shp,https://www2.census.gov/geo/tiger/TIGER2014/UAC/tl_2014_us_uac10.zip,,https://www.census.gov/geographies/mapping-files/time-series/geo/tiger-line-file.html
10162,Census,TIGER/Line,us-cbsa-2016,2016,polygon,"{""stage_transform"":[""dplyr::mutate(staged,geom_source_coding='GEOID',geom_source_value=GEOID,geom_name=dplyr::select(sf::st_drop_geometry(staged), n = if('NAME' %in% colnames(staged)) 'NAME' else 'NAMELSAD')$n,geom_local_value=geometry,geom_local_epsg=sf::st_crs(staged, paramaters=TRUE)$epsg)""]}",cbsa,0,,file,zip,shp,tl_2016_us_cbsa.shp,https://www2.census.gov/geo/tiger/TIGER2016/CBSA/tl_2016_us_cbsa.zip,,https://www.census.gov/geographies/mapping-files/time-series/geo/tiger-line-file.html
10164,Census,TIGER/Line,us-county-2016,2016,polygon,"{""stage_transform"":[""dplyr::mutate(staged,geom_source_coding='GEOID',geom_source_value=GEOID,geom_name=dplyr::select(sf::st_drop_geometry(staged), n = if('NAME' %in% colnames(staged)) 'NAME' else 'NAMELSAD')$n,geom_local_value=geometry,geom_local_epsg=sf::st_crs(staged, paramaters=TRUE)$epsg)""]}",county,0,,file,zip,shp,tl_2016_us_county.shp,https://www2.census.gov/geo/tiger/TIGER2016/COUNTY/tl_2016_us_county.zip,,https://www.census.gov/geographies/mapping-files/time-series/geo/tiger-line-file.html
10165,Census,TIGER/Line,us-metdiv-2016,2016,polygon,"{""stage_transform"":[""dplyr::mutate(staged,geom_source_coding='GEOID',geom_source_value=GEOID,geom_name=dplyr::select(sf::st_drop_geometry(staged), n = if('NAME' %in% colnames(staged)) 'NAME' else 'NAMELSAD')$n,geom_local_value=geometry,geom_local_epsg=sf::st_crs(staged, paramaters=TRUE)$epsg)""]}",metdiv,0,,file,zip,shp,tl_2016_us_metdiv.shp,https://www2.census.gov/geo/tiger/TIGER2016/METDIV/tl_2016_us_metdiv.zip,,https://www.census.gov/geographies/mapping-files/time-series/geo/tiger-line-file.html
10126,Census,TIGER/Line,us-zcta5-2012,2012,polygon,"{""stage_transform"":[""dplyr::mutate(staged,geom_source_coding='GEOID',geom_source_value=GEOID10,geom_local_value=geometry,geom_local_epsg=sf::st_crs(staged, paramaters=TRUE)$epsg)""]}",zcta5,0,,file,zip,shp,tl_2012_us_zcta510.shp,https://www2.census.gov/geo/tiger/TIGER2012/ZCTA5/tl_2012_us_zcta510.zip,,https://www.census.gov/geographies/mapping-files/time-series/geo/tiger-line-file.html
10168,Census,TIGER/Line,us-ttract-2016,2016,polygon,"{""stage_transform"":[""dplyr::mutate(staged,geom_source_coding='GEOID',geom_source_value=GEOID,geom_name=dplyr::select(sf::st_drop_geometry(staged), n = if('NAME' %in% colnames(staged)) 'NAME' else 'NAMELSAD')$n,geom_local_value=geometry,geom_local_epsg=sf::st_crs(staged, paramaters=TRUE)$epsg)""]}",ttract,0,,file,zip,shp,tl_2016_us_ttract.shp,https://www2.census.gov/geo/tiger/TIGER2016/TTRACT/tl_2016_us_ttract.zip,,https://www.census.gov/geographies/mapping-files/time-series/geo/tiger-line-file.html
10158,Census,TIGER/Line,us-uac-2015,2015,polygon,"{""stage_transform"":[""dplyr::mutate(staged,geom_source_coding='GEOID',geom_source_value=GEOID10,geom_name=dplyr::select(sf::st_drop_geometry(staged), n = if('NAME10' %in% colnames(staged)) 'NAME10' else 'NAMELSAD10')$n,geom_local_value=geometry,geom_local_epsg=sf::st_crs(staged, paramaters=TRUE)$epsg)""]}",uac,0,,file,zip,shp,tl_2015_us_uac10.shp,https://www2.census.gov/geo/tiger/TIGER2015/UAC/tl_2015_us_uac10.zip,,https://www.census.gov/geographies/mapping-files/time-series/geo/tiger-line-file.html
10172,Census,TIGER/Line,us-aitsn-2017,2017,polygon,"{""stage_transform"":[""dplyr::mutate(staged,geom_source_coding='GEOID',geom_source_value=GEOID,geom_name=dplyr::select(sf::st_drop_geometry(staged), n = if('NAME' %in% colnames(staged)) 'NAME' else 'NAMELSAD')$n,geom_local_value=geometry,geom_local_epsg=sf::st_crs(staged, paramaters=TRUE)$epsg)""]}",aitsn,0,,file,zip,shp,tl_2017_us_aitsn.shp,https://www2.census.gov/geo/tiger/TIGER2017/AITSN/tl_2017_us_aitsn.zip,,https://www.census.gov/geographies/mapping-files/time-series/geo/tiger-line-file.html
10614,CDC/ATSDR,SVI,us-county-2014,2014,,,county,1,10142,file,zip,gdb,SVI2014_US_county.gdb,https://svi.cdc.gov/Documents/Data/2014/db/states_counties/SVI_2014_US_county.zip,,https://www.atsdr.cdc.gov/placeandhealth/svi/index.html
10616,CDC/ATSDR,SVI,us-ttract-2014,2014,,,ttract,1,10146,file,zip,gdb,SVI2014_usttract.shp,https://svi.cdc.gov/Documents/Data/2014_SVI_Data/States/Tribal_Tracts.zip,,https://www.atsdr.cdc.gov/placeandhealth/svi/index.html
10123,Census,TIGER/Line,us-tbg-2012,2012,polygon,"{""stage_transform"":[""dplyr::mutate(staged,geom_source_coding='GEOID',geom_source_value=GEOID,geom_name=dplyr::select(sf::st_drop_geometry(staged), n = if('NAME' %in% colnames(staged)) 'NAME' else 'NAMELSAD')$n,geom_local_value=geometry,geom_local_epsg=sf::st_crs(staged, paramaters=TRUE)$epsg)""]}",tbg,0,,file,zip,shp,tl_2012_us_tbg.shp,https://www2.census.gov/geo/tiger/TIGER2012/TBG/tl_2012_us_tbg.zip,,https://www.census.gov/geographies/mapping-files/time-series/geo/tiger-line-file.html
10124,Census,TIGER/Line,us-ttract-2012,2012,polygon,"{""stage_transform"":[""dplyr::mutate(staged,geom_source_coding='GEOID',geom_source_value=GEOID,geom_name=dplyr::select(sf::st_drop_geometry(staged), n = if('NAME' %in% colnames(staged)) 'NAME' else 'NAMELSAD')$n,geom_local_value=geometry,geom_local_epsg=sf::st_crs(staged, paramaters=TRUE)$epsg)""]}",ttract,0,,file,zip,shp,tl_2012_us_ttract.shp,https://www2.census.gov/geo/tiger/TIGER2012/TTRACT/tl_2012_us_ttract.zip,,https://www.census.gov/geographies/mapping-files/time-series/geo/tiger-line-file.html
10155,Census,TIGER/Line,us-state-2015,2015,polygon,"{""stage_transform"":[""dplyr::mutate(staged,geom_source_coding='GEOID',geom_source_value=GEOID,geom_name=dplyr::select(sf::st_drop_geometry(staged), n = if('NAME' %in% colnames(staged)) 'NAME' else 'NAMELSAD')$n,geom_local_value=geometry,geom_local_epsg=sf::st_crs(staged, paramaters=TRUE)$epsg)""]}",state,0,,file,zip,shp,tl_2015_us_state.shp,https://www2.census.gov/geo/tiger/TIGER2015/STATE/tl_2015_us_state.zip,,https://www.census.gov/geographies/mapping-files/time-series/geo/tiger-line-file.html
10112,Census,TIGER/Line,us-metdiv-2011,2011,polygon,"{""stage_transform"":[""dplyr::mutate(staged,geom_source_coding='GEOID',geom_source_value=GEOID,geom_name=dplyr::select(sf::st_drop_geometry(staged), n = if('NAME' %in% colnames(staged)) 'NAME' else 'NAMELSAD')$n,geom_local_value=geometry,geom_local_epsg=sf::st_crs(staged, paramaters=TRUE)$epsg)""]}",metdiv,0,,file,zip,shp,tl_2011_us_metdiv.shp,https://www2.census.gov/geo/tiger/TIGER2011/METDIV/tl_2011_us_metdiv.zip,,https://www.census.gov/geographies/mapping-files/time-series/geo/tiger-line-file.html
10146,Census,TIGER/Line,us-ttract-2014,2014,polygon,"{""stage_transform"":[""dplyr::mutate(staged,geom_source_coding='GEOID',geom_source_value=GEOID,geom_name=dplyr::select(sf::st_drop_geometry(staged), n = if('NAME' %in% colnames(staged)) 'NAME' else 'NAMELSAD')$n,geom_local_value=geometry,geom_local_epsg=sf::st_crs(staged, paramaters=TRUE)$epsg)""]}",ttract,0,,file,zip,shp,tl_2014_us_ttract.shp,https://www2.census.gov/geo/tiger/TIGER2014/TTRACT/tl_2014_us_ttract.zip,,https://www.census.gov/geographies/mapping-files/time-series/geo/tiger-line-file.html
10184,Census,TIGER/Line,us-cbsa-2018,2018,polygon,"{""stage_transform"":[""dplyr::mutate(staged,geom_source_coding='GEOID',geom_source_value=GEOID,geom_name=dplyr::select(sf::st_drop_geometry(staged), n = if('NAME' %in% colnames(staged)) 'NAME' else 'NAMELSAD')$n,geom_local_value=geometry,geom_local_epsg=sf::st_crs(staged, paramaters=TRUE)$epsg)""]}",cbsa,0,,file,zip,shp,tl_2018_us_cbsa.shp,https://www2.census.gov/geo/tiger/TIGER2018/CBSA/tl_2018_us_cbsa.zip,,https://www.census.gov/geographies/mapping-files/time-series/geo/tiger-line-file.html
10114,Census,TIGER/Line,us-tbg-2011,2011,polygon,"{""stage_transform"":[""dplyr::mutate(staged,geom_source_coding='GEOID',geom_source_value=GEOID,geom_name=dplyr::select(sf::st_drop_geometry(staged), n = if('NAME' %in% colnames(staged)) 'NAME' else 'NAMELSAD')$n,geom_local_value=geometry,geom_local_epsg=sf::st_crs(staged, paramaters=TRUE)$epsg)""]}",tbg,0,,file,zip,shp,tl_2011_us_tbg.shp,https://www2.census.gov/geo/tiger/TIGER2011/TBG/tl_2011_us_tbg.zip,,https://www.census.gov/geographies/mapping-files/time-series/geo/tiger-line-file.html
10115,Census,TIGER/Line,us-ttract-2011,2011,polygon,"{""stage_transform"":[""dplyr::mutate(staged,geom_source_coding='GEOID',geom_source_value=GEOID,geom_name=dplyr::select(sf::st_drop_geometry(staged), n = if('NAME' %in% colnames(staged)) 'NAME' else 'NAMELSAD')$n,geom_local_value=geometry,geom_local_epsg=sf::st_crs(staged, paramaters=TRUE)$epsg)""]}",ttract,0,,file,zip,shp,tl_2011_us_ttract.shp,https://www2.census.gov/geo/tiger/TIGER2011/TTRACT/tl_2011_us_ttract.zip,,https://www.census.gov/geographies/mapping-files/time-series/geo/tiger-line-file.html
10212,Census,TIGER/Line,us-uac-2020,2020,polygon,"{""stage_transform"":[""dplyr::mutate(staged,geom_source_coding='GEOID',geom_source_value=GEOID10,geom_name=dplyr::select(sf::st_drop_geometry(staged), n = if('NAME10' %in% colnames(staged)) 'NAME10' else 'NAMELSAD10')$n,geom_local_value=geometry,geom_local_epsg=sf::st_crs(staged, paramaters=TRUE)$epsg)""]}",uac,0,,file,zip,shp,tl_2020_us_uac10.shp,https://www2.census.gov/geo/tiger/TIGER2020/UAC/tl_2020_us_uac10.zip,,https://www.census.gov/geographies/mapping-files/time-series/geo/tiger-line-file.html
10163,Census,TIGER/Line,us-csa-2016,2016,polygon,"{""stage_transform"":[""dplyr::mutate(staged,geom_source_coding='GEOID',geom_source_value=GEOID,geom_name=dplyr::select(sf::st_drop_geometry(staged), n = if('NAME' %in% colnames(staged)) 'NAME' else 'NAMELSAD')$n,geom_local_value=geometry,geom_local_epsg=sf::st_crs(staged, paramaters=TRUE)$epsg)""]}",csa,0,,file,zip,shp,tl_2016_us_csa.shp,https://www2.census.gov/geo/tiger/TIGER2016/CSA/tl_2016_us_csa.zip,,https://www.census.gov/geographies/mapping-files/time-series/geo/tiger-line-file.html
10794,CDC/ATSDR,SVI,us-ttract-2018,2018,,,ttract,1,10189,file,zip,gdb,SVI2018_usttract.shp,https://svi.cdc.gov/Documents/Data/2018_SVI_Data/States/Tribal_Tracts.zip,,https://www.atsdr.cdc.gov/placeandhealth/svi/index.html
10199,Census,TIGER/Line,us-tbg-2019,2019,polygon,"{""stage_transform"":[""dplyr::mutate(staged,geom_source_coding='GEOID',geom_source_value=GEOID,geom_name=dplyr::select(sf::st_drop_geometry(staged), n = if('NAME' %in% colnames(staged)) 'NAME' else 'NAMELSAD')$n,geom_local_value=geometry,geom_local_epsg=sf::st_crs(staged, paramaters=TRUE)$epsg)""]}",tbg,0,,file,zip,shp,tl_2019_us_tbg.shp,https://www2.census.gov/geo/tiger/TIGER2019/TBG/tl_2019_us_tbg.zip,,https://www.census.gov/geographies/mapping-files/time-series/geo/tiger-line-file.html
10125,Census,TIGER/Line,us-uac-2012,2012,polygon,"{""stage_transform"":[""dplyr::mutate(staged,geom_source_coding='GEOID',geom_source_value=GEOID10,geom_name=dplyr::select(sf::st_drop_geometry(staged), n = if('NAME10' %in% colnames(staged)) 'NAME10' else 'NAMELSAD10')$n,geom_local_value=geometry,geom_local_epsg=sf::st_crs(staged, paramaters=TRUE)$epsg)""]}",uac,0,,file,zip,shp,tl_2012_us_uac10.shp,https://www2.census.gov/geo/tiger/TIGER2012/UAC/tl_2012_us_uac10.zip,,https://www.census.gov/geographies/mapping-files/time-series/geo/tiger-line-file.html
10190,Census,TIGER/Line,us-uac-2018,2018,polygon,"{""stage_transform"":[""dplyr::mutate(staged,geom_source_coding='GEOID',geom_source_value=GEOID10,geom_name=dplyr::select(sf::st_drop_geometry(staged), n = if('NAME10' %in% colnames(staged)) 'NAME10' else 'NAMELSAD10')$n,geom_local_value=geometry,geom_local_epsg=sf::st_crs(staged, paramaters=TRUE)$epsg)""]}",uac,0,,file,zip,shp,tl_2018_us_uac10.shp,https://www2.census.gov/geo/tiger/TIGER2018/UAC/tl_2018_us_uac10.zip,,https://www.census.gov/geographies/mapping-files/time-series/geo/tiger-line-file.html
10135,Census,TIGER/Line,us-ttract-2013,2013,polygon,"{""stage_transform"":[""dplyr::mutate(staged,geom_source_coding='GEOID',geom_source_value=GEOID,geom_name=dplyr::select(sf::st_drop_geometry(staged), n = if('NAME' %in% colnames(staged)) 'NAME' else 'NAMELSAD')$n,geom_local_value=geometry,geom_local_epsg=sf::st_crs(staged, paramaters=TRUE)$epsg)""]}",ttract,0,,file,zip,shp,tl_2013_us_ttract.shp,https://www2.census.gov/geo/tiger/TIGER2013/TTRACT/tl_2013_us_ttract.zip,,https://www.census.gov/geographies/mapping-files/time-series/geo/tiger-line-file.html
10174,Census,TIGER/Line,us-csa-2017,2017,polygon,"{""stage_transform"":[""dplyr::mutate(staged,geom_source_coding='GEOID',geom_source_value=GEOID,geom_name=dplyr::select(sf::st_drop_geometry(staged), n = if('NAME' %in% colnames(staged)) 'NAME' else 'NAMELSAD')$n,geom_local_value=geometry,geom_local_epsg=sf::st_crs(staged, paramaters=TRUE)$epsg)""]}",csa,0,,file,zip,shp,tl_2017_us_csa.shp,https://www2.census.gov/geo/tiger/TIGER2017/CSA/tl_2017_us_csa.zip,,https://www.census.gov/geographies/mapping-files/time-series/geo/tiger-line-file.html
10721,CDC/ATSDR,SVI,us-county-2016,2016,,,county,1,10164,file,zip,gdb,SVI2016_US_county.gdb,https://svi.cdc.gov/Documents/Data/2016/db/states_counties/SVI_2016_US_county.zip,,https://www.atsdr.cdc.gov/placeandhealth/svi/index.html
10723,CDC/ATSDR,SVI,us-ttract-2016,2016,,,ttract,1,10168,file,zip,gdb,SVI2016_usttract.shp,https://svi.cdc.gov/Documents/Data/2016_SVI_Data/States/Tribal_Tracts.zip,,https://www.atsdr.cdc.gov/placeandhealth/svi/index.html
10201,Census,TIGER/Line,us-uac-2019,2019,polygon,"{""stage_transform"":[""dplyr::mutate(staged,geom_source_coding='GEOID',geom_source_value=GEOID10,geom_name=dplyr::select(sf::st_drop_geometry(staged), n = if('NAME10' %in% colnames(staged)) 'NAME10' else 'NAMELSAD10')$n,geom_local_value=geometry,geom_local_epsg=sf::st_crs(staged, paramaters=TRUE)$epsg)""]}",uac,0,,file,zip,shp,tl_2019_us_uac10.shp,https://www2.census.gov/geo/tiger/TIGER2019/UAC/tl_2019_us_uac10.zip,,https://www.census.gov/geographies/mapping-files/time-series/geo/tiger-line-file.html
10116,Census,TIGER/Line,us-aiannh-2012,2012,polygon,"{""stage_transform"":[""dplyr::mutate(staged,geom_source_coding='GEOID',geom_source_value=GEOID,geom_name=dplyr::select(sf::st_drop_geometry(staged), n = if('NAME' %in% colnames(staged)) 'NAME' else 'NAMELSAD')$n,geom_local_value=geometry,geom_local_epsg=sf::st_crs(staged, paramaters=TRUE)$epsg)""]}",aiannh,0,,file,zip,shp,tl_2012_us_aiannh.shp,https://www2.census.gov/geo/tiger/TIGER2012/AIANNH/tl_2012_us_aiannh.zip,,https://www.census.gov/geographies/mapping-files/time-series/geo/tiger-line-file.html
10117,Census,TIGER/Line,us-aitsn-2012,2012,polygon,"{""stage_transform"":[""dplyr::mutate(staged,geom_source_coding='GEOID',geom_source_value=GEOID,geom_name=dplyr::select(sf::st_drop_geometry(staged), n = if('NAME' %in% colnames(staged)) 'NAME' else 'NAMELSAD')$n,geom_local_value=geometry,geom_local_epsg=sf::st_crs(staged, paramaters=TRUE)$epsg)""]}",aitsn,0,,file,zip,shp,tl_2012_us_aitsn.shp,https://www2.census.gov/geo/tiger/TIGER2012/AITS/tl_2012_us_aitsn.zip,,https://www.census.gov/geographies/mapping-files/time-series/geo/tiger-line-file.html
10118,Census,TIGER/Line,us-cbsa-2012,2012,polygon,"{""stage_transform"":[""dplyr::mutate(staged,geom_source_coding='GEOID',geom_source_value=GEOID,geom_name=dplyr::select(sf::st_drop_geometry(staged), n = if('NAME' %in% colnames(staged)) 'NAME' else 'NAMELSAD')$n,geom_local_value=geometry,geom_local_epsg=sf::st_crs(staged, paramaters=TRUE)$epsg)""]}",cbsa,0,,file,zip,shp,tl_2012_us_cbsa.shp,https://www2.census.gov/geo/tiger/TIGER2012/CBSA/tl_2012_us_cbsa.zip,,https://www.census.gov/geographies/mapping-files/time-series/geo/tiger-line-file.html
10211,Census,TIGER/Line,us-ttract-2020,2020,polygon,"{""stage_transform"":[""dplyr::mutate(staged,geom_source_coding='GEOID',geom_source_value=GEOID,geom_name=dplyr::select(sf::st_drop_geometry(staged), n = if('NAME' %in% colnames(staged)) 'NAME' else 'NAMELSAD')$n,geom_local_value=geometry,geom_local_epsg=sf::st_crs(staged, paramaters=TRUE)$epsg)""]}",ttract,0,,file,zip,shp,tl_2020_us_ttract.shp,https://www2.census.gov/geo/tiger/TIGER2020/TTRACT/tl_2020_us_ttract.zip,,https://www.census.gov/geographies/mapping-files/time-series/geo/tiger-line-file.html
10208,Census,TIGER/Line,us-metdiv-2020,2020,polygon,"{""stage_transform"":[""dplyr::mutate(staged,geom_source_coding='GEOID',geom_source_value=GEOID,geom_name=dplyr::select(sf::st_drop_geometry(staged), n = if('NAME' %in% colnames(staged)) 'NAME' else 'NAMELSAD')$n,geom_local_value=geometry,geom_local_epsg=sf::st_crs(staged, paramaters=TRUE)$epsg)""]}",metdiv,0,,file,zip,shp,tl_2020_us_metdiv.shp,https://www2.census.gov/geo/tiger/TIGER2020/METDIV/tl_2020_us_metdiv.zip,,https://www.census.gov/geographies/mapping-files/time-series/geo/tiger-line-file.html
10209,Census,TIGER/Line,us-state-2020,2020,polygon,"{""stage_transform"":[""dplyr::mutate(staged,geom_source_coding='GEOID',geom_source_value=GEOID,geom_name=dplyr::select(sf::st_drop_geometry(staged), n = if('NAME' %in% colnames(staged)) 'NAME' else 'NAMELSAD')$n,geom_local_value=geometry,geom_local_epsg=sf::st_crs(staged, paramaters=TRUE)$epsg)""]}",state,0,,file,zip,shp,tl_2020_us_state.shp,https://www2.census.gov/geo/tiger/TIGER2020/STATE/tl_2020_us_state.zip,,https://www.census.gov/geographies/mapping-files/time-series/geo/tiger-line-file.html
10210,Census,TIGER/Line,us-tbg-2020,2020,polygon,"{""stage_transform"":[""dplyr::mutate(staged,geom_source_coding='GEOID',geom_source_value=GEOID,geom_name=dplyr::select(sf::st_drop_geometry(staged), n = if('NAME' %in% colnames(staged)) 'NAME' else 'NAMELSAD')$n,geom_local_value=geometry,geom_local_epsg=sf::st_crs(staged, paramaters=TRUE)$epsg)""]}",tbg,0,,file,zip,shp,tl_2020_us_tbg.shp,https://www2.census.gov/geo/tiger/TIGER2020/TBG/tl_2020_us_tbg.zip,,https://www.census.gov/geographies/mapping-files/time-series/geo/tiger-line-file.html
10108,Census,TIGER/Line,us-aitsn-2011,2011,polygon,"{""stage_transform"":[""dplyr::mutate(staged,geom_source_coding='GEOID',geom_source_value=GEOID,geom_name=dplyr::select(sf::st_drop_geometry(staged), n = if('NAME' %in% colnames(staged)) 'NAME' else 'NAMELSAD')$n,geom_local_value=geometry,geom_local_epsg=sf::st_crs(staged, paramaters=TRUE)$epsg)""]}",aitsn,0,,file,zip,shp,tl_2011_us_aitsn.shp,https://www2.census.gov/geo/tiger/TIGER2011/AITS/tl_2011_us_aitsn.zip,,https://www.census.gov/geographies/mapping-files/time-series/geo/tiger-line-file.html
10109,Census,TIGER/Line,us-cbsa-2011,2011,polygon,"{""stage_transform"":[""dplyr::mutate(staged,geom_source_coding='GEOID',geom_source_value=GEOID,geom_name=dplyr::select(sf::st_drop_geometry(staged), n = if('NAME' %in% colnames(staged)) 'NAME' else 'NAMELSAD')$n,geom_local_value=geometry,geom_local_epsg=sf::st_crs(staged, paramaters=TRUE)$epsg)""]}",cbsa,0,,file,zip,shp,tl_2011_us_cbsa.shp,https://www2.census.gov/geo/tiger/TIGER2011/CBSA/tl_2011_us_cbsa.zip,,https://www.census.gov/geographies/mapping-files/time-series/geo/tiger-line-file.html
10136,Census,TIGER/Line,us-uac-2013,2013,polygon,"{""stage_transform"":[""dplyr::mutate(staged,geom_source_coding='GEOID',geom_source_value=GEOID10,geom_name=dplyr::select(sf::st_drop_geometry(staged), n = if('NAME10' %in% colnames(staged)) 'NAME10' else 'NAMELSAD10')$n,geom_local_value=geometry,geom_local_epsg=sf::st_crs(staged, paramaters=TRUE)$epsg)""]}",uac,0,,file,zip,shp,tl_2013_us_uac10.shp,https://www2.census.gov/geo/tiger/TIGER2013/UAC/tl_2013_us_uac10.zip,,https://www.census.gov/geographies/mapping-files/time-series/geo/tiger-line-file.html
10205,Census,TIGER/Line,us-cbsa-2020,2020,polygon,"{""stage_transform"":[""dplyr::mutate(staged,geom_source_coding='GEOID',geom_source_value=GEOID,geom_name=dplyr::select(sf::st_drop_geometry(staged), n = if('NAME' %in% colnames(staged)) 'NAME' else 'NAMELSAD')$n,geom_local_value=geometry,geom_local_epsg=sf::st_crs(staged, paramaters=TRUE)$epsg)""]}",cbsa,0,,file,zip,shp,tl_2020_us_cbsa.shp,https://www2.census.gov/geo/tiger/TIGER2020/CBSA/tl_2020_us_cbsa.zip,,https://www.census.gov/geographies/mapping-files/time-series/geo/tiger-line-file.html
10173,Census,TIGER/Line,us-cbsa-2017,2017,polygon,"{""stage_transform"":[""dplyr::mutate(staged,geom_source_coding='GEOID',geom_source_value=GEOID,geom_name=dplyr::select(sf::st_drop_geometry(staged), n = if('NAME' %in% colnames(staged)) 'NAME' else 'NAMELSAD')$n,geom_local_value=geometry,geom_local_epsg=sf::st_crs(staged, paramaters=TRUE)$epsg)""]}",cbsa,0,,file,zip,shp,tl_2017_us_cbsa.shp,https://www2.census.gov/geo/tiger/TIGER2017/CBSA/tl_2017_us_cbsa.zip,,https://www.census.gov/geographies/mapping-files/time-series/geo/tiger-line-file.html
10185,Census,TIGER/Line,us-csa-2018,2018,polygon,"{""stage_transform"":[""dplyr::mutate(staged,geom_source_coding='GEOID',geom_source_value=GEOID,geom_name=dplyr::select(sf::st_drop_geometry(staged), n = if('NAME' %in% colnames(staged)) 'NAME' else 'NAMELSAD')$n,geom_local_value=geometry,geom_local_epsg=sf::st_crs(staged, paramaters=TRUE)$epsg)""]}",csa,0,,file,zip,shp,tl_2018_us_csa.shp,https://www2.census.gov/geo/tiger/TIGER2018/CSA/tl_2018_us_csa.zip,,https://www.census.gov/geographies/mapping-files/time-series/geo/tiger-line-file.html
10110,Census,TIGER/Line,us-csa-2011,2011,polygon,"{""stage_transform"":[""dplyr::mutate(staged,geom_source_coding='GEOID',geom_source_value=GEOID,geom_name=dplyr::select(sf::st_drop_geometry(staged), n = if('NAME' %in% colnames(staged)) 'NAME' else 'NAMELSAD')$n,geom_local_value=geometry,geom_local_epsg=sf::st_crs(staged, paramaters=TRUE)$epsg)""]}",csa,0,,file,zip,shp,tl_2011_us_csa.shp,https://www2.census.gov/geo/tiger/TIGER2011/CSA/tl_2011_us_csa.zip,,https://www.census.gov/geographies/mapping-files/time-series/geo/tiger-line-file.html
10111,Census,TIGER/Line,us-county-2011,2011,polygon,"{""stage_transform"":[""dplyr::mutate(staged,geom_source_coding='GEOID',geom_source_value=GEOID,geom_name=dplyr::select(sf::st_drop_geometry(staged), n = if('NAME' %in% colnames(staged)) 'NAME' else 'NAMELSAD')$n,geom_local_value=geometry,geom_local_epsg=sf::st_crs(staged, paramaters=TRUE)$epsg)""]}",county,0,,file,zip,shp,tl_2011_us_county.shp,https://www2.census.gov/geo/tiger/TIGER2011/COUNTY/tl_2011_us_county.zip,,https://www.census.gov/geographies/mapping-files/time-series/geo/tiger-line-file.html
10197,Census,TIGER/Line,us-metdiv-2019,2019,polygon,"{""stage_transform"":[""dplyr::mutate(staged,geom_source_coding='GEOID',geom_source_value=GEOID,geom_name=dplyr::select(sf::st_drop_geometry(staged), n = if('NAME' %in% colnames(staged)) 'NAME' else 'NAMELSAD')$n,geom_local_value=geometry,geom_local_epsg=sf::st_crs(staged, paramaters=TRUE)$epsg)""]}",metdiv,0,,file,zip,shp,tl_2019_us_metdiv.shp,https://www2.census.gov/geo/tiger/TIGER2019/METDIV/tl_2019_us_metdiv.zip,,https://www.census.gov/geographies/mapping-files/time-series/geo/tiger-line-file.html
10134,Census,TIGER/Line,us-tbg-2013,2013,polygon,"{""stage_transform"":[""dplyr::mutate(staged,geom_source_coding='GEOID',geom_source_value=GEOID,geom_name=dplyr::select(sf::st_drop_geometry(staged), n = if('NAME' %in% colnames(staged)) 'NAME' else 'NAMELSAD')$n,geom_local_value=geometry,geom_local_epsg=sf::st_crs(staged, paramaters=TRUE)$epsg)""]}",tbg,0,,file,zip,shp,tl_2013_us_tbg.shp,https://www2.census.gov/geo/tiger/TIGER2013/TBG/tl_2013_us_tbg.zip,,https://www.census.gov/geographies/mapping-files/time-series/geo/tiger-line-file.html
10137,Census,TIGER/Line,us-zcta5-2013,2013,polygon,"{""stage_transform"":[""dplyr::mutate(staged,geom_source_coding='GEOID',geom_source_value=GEOID10,geom_local_value=geometry,geom_local_epsg=sf::st_crs(staged, paramaters=TRUE)$epsg)""]}",zcta5,0,,file,zip,shp,tl_2013_us_zcta510.shp,https://www2.census.gov/geo/tiger/TIGER2013/ZCTA5/tl_2013_us_zcta510.zip,,https://www.census.gov/geographies/mapping-files/time-series/geo/tiger-line-file.html
10145,Census,TIGER/Line,us-tbg-2014,2014,polygon,"{""stage_transform"":[""dplyr::mutate(staged,geom_source_coding='GEOID',geom_source_value=GEOID,geom_name=dplyr::select(sf::st_drop_geometry(staged), n = if('NAME' %in% colnames(staged)) 'NAME' else 'NAMELSAD')$n,geom_local_value=geometry,geom_local_epsg=sf::st_crs(staged, paramaters=TRUE)$epsg)""]}",tbg,0,,file,zip,shp,tl_2014_us_tbg.shp,https://www2.census.gov/geo/tiger/TIGER2014/TBG/tl_2014_us_tbg.zip,,https://www.census.gov/geographies/mapping-files/time-series/geo/tiger-line-file.html
10160,Census,TIGER/Line,us-aiannh-2016,2016,polygon,"{""stage_transform"":[""dplyr::mutate(staged,geom_source_coding='GEOID',geom_source_value=GEOID,geom_name=dplyr::select(sf::st_drop_geometry(staged), n = if('NAME' %in% colnames(staged)) 'NAME' else 'NAMELSAD')$n,geom_local_value=geometry,geom_local_epsg=sf::st_crs(staged, paramaters=TRUE)$epsg)""]}",aiannh,0,,file,zip,shp,tl_2016_us_aiannh.shp,https://www2.census.gov/geo/tiger/TIGER2016/AIANNH/tl_2016_us_aiannh.zip,,https://www.census.gov/geographies/mapping-files/time-series/geo/tiger-line-file.html
10161,Census,TIGER/Line,us-aitsn-2016,2016,polygon,"{""stage_transform"":[""dplyr::mutate(staged,geom_source_coding='GEOID',geom_source_value=GEOID,geom_name=dplyr::select(sf::st_drop_geometry(staged), n = if('NAME' %in% colnames(staged)) 'NAME' else 'NAMELSAD')$n,geom_local_value=geometry,geom_local_epsg=sf::st_crs(staged, paramaters=TRUE)$epsg)""]}",aitsn,0,,file,zip,shp,tl_2016_us_aitsn.shp,https://www2.census.gov/geo/tiger/TIGER2016/AITSN/tl_2016_us_aitsn.zip,,https://www.census.gov/geographies/mapping-files/time-series/geo/tiger-line-file.html
10171,Census,TIGER/Line,us-aiannh-2017,2017,polygon,"{""stage_transform"":[""dplyr::mutate(staged,geom_source_coding='GEOID',geom_source_value=GEOID,geom_name=dplyr::select(sf::st_drop_geometry(staged), n = if('NAME' %in% colnames(staged)) 'NAME' else 'NAMELSAD')$n,geom_local_value=geometry,geom_local_epsg=sf::st_crs(staged, paramaters=TRUE)$epsg)""]}",aiannh,0,,file,zip,shp,tl_2017_us_aiannh.shp,https://www2.census.gov/geo/tiger/TIGER2017/AIANNH/tl_2017_us_aiannh.zip,,https://www.census.gov/geographies/mapping-files/time-series/geo/tiger-line-file.html
10182,Census,TIGER/Line,us-aiannh-2018,2018,polygon,"{""stage_transform"":[""dplyr::mutate(staged,geom_source_coding='GEOID',geom_source_value=GEOID,geom_name=dplyr::select(sf::st_drop_geometry(staged), n = if('NAME' %in% colnames(staged)) 'NAME' else 'NAMELSAD')$n,geom_local_value=geometry,geom_local_epsg=sf::st_crs(staged, paramaters=TRUE)$epsg)""]}",aiannh,0,,file,zip,shp,tl_2018_us_aiannh.shp,https://www2.census.gov/geo/tiger/TIGER2018/AIANNH/tl_2018_us_aiannh.zip,,https://www.census.gov/geographies/mapping-files/time-series/geo/tiger-line-file.html
10196,Census,TIGER/Line,us-county-2019,2019,polygon,"{""stage_transform"":[""dplyr::mutate(staged,geom_source_coding='GEOID',geom_source_value=GEOID,geom_name=dplyr::select(sf::st_drop_geometry(staged), n = if('NAME' %in% colnames(staged)) 'NAME' else 'NAMELSAD')$n,geom_local_value=geometry,geom_local_epsg=sf::st_crs(staged, paramaters=TRUE)$epsg)""]}",county,0,,file,zip,shp,tl_2019_us_county.shp,https://www2.census.gov/geo/tiger/TIGER2019/COUNTY/tl_2019_us_county.zip,,https://www.census.gov/geographies/mapping-files/time-series/geo/tiger-line-file.html
10121,Census,TIGER/Line,us-metdiv-2012,2012,polygon,"{""stage_transform"":[""dplyr::mutate(staged,geom_source_coding='GEOID',geom_source_value=GEOID,geom_name=dplyr::select(sf::st_drop_geometry(staged), n = if('NAME' %in% colnames(staged)) 'NAME' else 'NAMELSAD')$n,geom_local_value=geometry,geom_local_epsg=sf::st_crs(staged, paramaters=TRUE)$epsg)""]}",metdiv,0,,file,zip,shp,tl_2012_us_metdiv.shp,https://www2.census.gov/geo/tiger/TIGER2012/METDIV/tl_2012_us_metdiv.zip,,https://www.census.gov/geographies/mapping-files/time-series/geo/tiger-line-file.html
10122,Census,TIGER/Line,us-state-2012,2012,polygon,"{""stage_transform"":[""dplyr::mutate(staged,geom_source_coding='GEOID',geom_source_value=GEOID,geom_name=dplyr::select(sf::st_drop_geometry(staged), n = if('NAME' %in% colnames(staged)) 'NAME' else 'NAMELSAD')$n,geom_local_value=geometry,geom_local_epsg=sf::st_crs(staged, paramaters=TRUE)$epsg)""]}",state,0,,file,zip,shp,tl_2012_us_state.shp,https://www2.census.gov/geo/tiger/TIGER2012/STATE/tl_2012_us_state.zip,,https://www.census.gov/geographies/mapping-files/time-series/geo/tiger-line-file.html
10113,Census,TIGER/Line,us-state-2011,2011,polygon,"{""stage_transform"":[""dplyr::mutate(staged,geom_source_coding='GEOID',geom_source_value=GEOID,geom_name=dplyr::select(sf::st_drop_geometry(staged), n = if('NAME' %in% colnames(staged)) 'NAME' else 'NAMELSAD')$n,geom_local_value=geometry,geom_local_epsg=sf::st_crs(staged, paramaters=TRUE)$epsg)""]}",state,0,,file,zip,shp,tl_2011_us_state.shp,https://www2.census.gov/geo/tiger/TIGER2011/STATE/tl_2011_us_state.zip,,https://www.census.gov/geographies/mapping-files/time-series/geo/tiger-line-file.html
10213,Census,TIGER/Line,us-zcta5-2020,2020,polygon,"{""stage_transform"":[""dplyr::mutate(staged,geom_source_coding='GEOID',geom_source_value=GEOID10,geom_local_value=geometry,geom_local_epsg=sf::st_crs(staged, paramaters=TRUE)$epsg)""]}",zcta5,0,,file,zip,shp,tl_2020_us_zcta510.shp,https://www2.census.gov/geo/tiger/TIGER2020/ZCTA5/tl_2020_us_zcta510.zip,,https://www.census.gov/geographies/mapping-files/time-series/geo/tiger-line-file.html
7870,EPA,AQS,daily_TEMP_2020,2020,point,"{""stage_transform"": [""dplyr::mutate(staged, geom_source_coding='state_county_site', geom_source_value=paste0(stringr::str_pad(`State Code`,width=2,pad=0),stringr::str_pad(`County Code`,width=3,pad=0),stringr::str_pad(`Site Num`,width=4,pad=0)), geom_name = ifelse(!is.na(`Local Site Name`), `Local Site Name`, paste(Address, `State Name`, `County Name`)), geom_local_value=sf::st_as_binary(sf::st_as_sf(staged, coords=c('Latitude', 'Longitude'))$geometry,EWKB=TRUE, hex=TRUE),geom_local_epsg=ifelse(Datum == 'NAD83', 4326, 4269))"", ""dplyr::distinct(staged, Latitude, Longitude, geom_source_value, .keep_all = TRUE)""]}",,1,7870,file,zip,csv,daily_TEMP_2020.csv,https://aqs.epa.gov/aqsweb/airdata/daily_TEMP_2020.zip,,https://www.epa.gov/aqs
7869,EPA,AQS,daily_TEMP_2019,2019,point,"{""stage_transform"": [""dplyr::mutate(staged, geom_source_coding='state_county_site', geom_source_value=paste0(stringr::str_pad(`State Code`,width=2,pad=0),stringr::str_pad(`County Code`,width=3,pad=0),stringr::str_pad(`Site Num`,width=4,pad=0)), geom_name = ifelse(!is.na(`Local Site Name`), `Local Site Name`, paste(Address, `State Name`, `County Name`)), geom_local_value=sf::st_as_binary(sf::st_as_sf(staged, coords=c('Latitude', 'Longitude'))$geometry,EWKB=TRUE, hex=TRUE),geom_local_epsg=ifelse(Datum == 'NAD83', 4326, 4269))"", ""dplyr::distinct(staged, Latitude, Longitude, geom_source_value, .keep_all = TRUE)""]}",,1,7869,file,zip,csv,daily_TEMP_2019.csv,https://aqs.epa.gov/aqsweb/airdata/daily_TEMP_2019.zip,,https://www.epa.gov/aqs
7868,EPA,AQS,daily_TEMP_2018,2018,point,"{""stage_transform"": [""dplyr::mutate(staged, geom_source_coding='state_county_site', geom_source_value=paste0(stringr::str_pad(`State Code`,width=2,pad=0),stringr::str_pad(`County Code`,width=3,pad=0),stringr::str_pad(`Site Num`,width=4,pad=0)), geom_name = ifelse(!is.na(`Local Site Name`), `Local Site Name`, paste(Address, `State Name`, `County Name`)), geom_local_value=sf::st_as_binary(sf::st_as_sf(staged, coords=c('Latitude', 'Longitude'))$geometry,EWKB=TRUE, hex=TRUE),geom_local_epsg=ifelse(Datum == 'NAD83', 4326, 4269))"", ""dplyr::distinct(staged, Latitude, Longitude, geom_source_value, .keep_all = TRUE)""]}",,1,7868,file,zip,csv,daily_TEMP_2018.csv,https://aqs.epa.gov/aqsweb/airdata/daily_TEMP_2018.zip,,https://www.epa.gov/aqs
7867,EPA,AQS,daily_TEMP_2017,2017,point,"{""stage_transform"": [""dplyr::mutate(staged, geom_source_coding='state_county_site', geom_source_value=paste0(stringr::str_pad(`State Code`,width=2,pad=0),stringr::str_pad(`County Code`,width=3,pad=0),stringr::str_pad(`Site Num`,width=4,pad=0)), geom_name = ifelse(!is.na(`Local Site Name`), `Local Site Name`, paste(Address, `State Name`, `County Name`)), geom_local_value=sf::st_as_binary(sf::st_as_sf(staged, coords=c('Latitude', 'Longitude'))$geometry,EWKB=TRUE, hex=TRUE),geom_local_epsg=ifelse(Datum == 'NAD83', 4326, 4269))"", ""dplyr::distinct(staged, Latitude, Longitude, geom_source_value, .keep_all = TRUE)""]}",,1,7867,file,zip,csv,daily_TEMP_2017.csv,https://aqs.epa.gov/aqsweb/airdata/daily_TEMP_2017.zip,,https://www.epa.gov/aqs
7866,EPA,AQS,daily_TEMP_2016,2016,point,"{""stage_transform"": [""dplyr::mutate(staged, geom_source_coding='state_county_site', geom_source_value=paste0(stringr::str_pad(`State Code`,width=2,pad=0),stringr::str_pad(`County Code`,width=3,pad=0),stringr::str_pad(`Site Num`,width=4,pad=0)), geom_name = ifelse(!is.na(`Local Site Name`), `Local Site Name`, paste(Address, `State Name`, `County Name`)), geom_local_value=sf::st_as_binary(sf::st_as_sf(staged, coords=c('Latitude', 'Longitude'))$geometry,EWKB=TRUE, hex=TRUE),geom_local_epsg=ifelse(Datum == 'NAD83', 4326, 4269))"", ""dplyr::distinct(staged, Latitude, Longitude, geom_source_value, .keep_all = TRUE)""]}",,1,7866,file,zip,csv,daily_TEMP_2016.csv,https://aqs.epa.gov/aqsweb/airdata/daily_TEMP_2016.zip,,https://www.epa.gov/aqs
7865,EPA,AQS,daily_TEMP_2015,2015,point,"{""stage_transform"": [""dplyr::mutate(staged, geom_source_coding='state_county_site', geom_source_value=paste0(stringr::str_pad(`State Code`,width=2,pad=0),stringr::str_pad(`County Code`,width=3,pad=0),stringr::str_pad(`Site Num`,width=4,pad=0)), geom_name = ifelse(!is.na(`Local Site Name`), `Local Site Name`, paste(Address, `State Name`, `County Name`)), geom_local_value=sf::st_as_binary(sf::st_as_sf(staged, coords=c('Latitude', 'Longitude'))$geometry,EWKB=TRUE, hex=TRUE),geom_local_epsg=ifelse(Datum == 'NAD83', 4326, 4269))"", ""dplyr::distinct(staged, Latitude, Longitude, geom_source_value, .keep_all = TRUE)""]}",,1,7865,file,zip,csv,daily_TEMP_2015.csv,https://aqs.epa.gov/aqsweb/airdata/daily_TEMP_2015.zip,,https://www.epa.gov/aqs
7864,EPA,AQS,daily_TEMP_2014,2014,point,"{""stage_transform"": [""dplyr::mutate(staged, geom_source_coding='state_county_site', geom_source_value=paste0(stringr::str_pad(`State Code`,width=2,pad=0),stringr::str_pad(`County Code`,width=3,pad=0),stringr::str_pad(`Site Num`,width=4,pad=0)), geom_name = ifelse(!is.na(`Local Site Name`), `Local Site Name`, paste(Address, `State Name`, `County Name`)), geom_local_value=sf::st_as_binary(sf::st_as_sf(staged, coords=c('Latitude', 'Longitude'))$geometry,EWKB=TRUE, hex=TRUE),geom_local_epsg=ifelse(Datum == 'NAD83', 4326, 4269))"", ""dplyr::distinct(staged, Latitude, Longitude, geom_source_value, .keep_all = TRUE)""]}",,1,7864,file,zip,csv,daily_TEMP_2014.csv,https://aqs.epa.gov/aqsweb/airdata/daily_TEMP_2014.zip,,https://www.epa.gov/aqs
7863,EPA,AQS,daily_TEMP_2013,2013,point,"{""stage_transform"": [""dplyr::mutate(staged, geom_source_coding='state_county_site', geom_source_value=paste0(stringr::str_pad(`State Code`,width=2,pad=0),stringr::str_pad(`County Code`,width=3,pad=0),stringr::str_pad(`Site Num`,width=4,pad=0)), geom_name = ifelse(!is.na(`Local Site Name`), `Local Site Name`, paste(Address, `State Name`, `County Name`)), geom_local_value=sf::st_as_binary(sf::st_as_sf(staged, coords=c('Latitude', 'Longitude'))$geometry,EWKB=TRUE, hex=TRUE),geom_local_epsg=ifelse(Datum == 'NAD83', 4326, 4269))"", ""dplyr::distinct(staged, Latitude, Longitude, geom_source_value, .keep_all = TRUE)""]}",,1,7863,file,zip,csv,daily_TEMP_2013.csv,https://aqs.epa.gov/aqsweb/airdata/daily_TEMP_2013.zip,,https://www.epa.gov/aqs
7862,EPA,AQS,daily_TEMP_2012,2012,point,"{""stage_transform"": [""dplyr::mutate(staged, geom_source_coding='state_county_site', geom_source_value=paste0(stringr::str_pad(`State Code`,width=2,pad=0),stringr::str_pad(`County Code`,width=3,pad=0),stringr::str_pad(`Site Num`,width=4,pad=0)), geom_name = ifelse(!is.na(`Local Site Name`), `Local Site Name`, paste(Address, `State Name`, `County Name`)), geom_local_value=sf::st_as_binary(sf::st_as_sf(staged, coords=c('Latitude', 'Longitude'))$geometry,EWKB=TRUE, hex=TRUE),geom_local_epsg=ifelse(Datum == 'NAD83', 4326, 4269))"", ""dplyr::distinct(staged, Latitude, Longitude, geom_source_value, .keep_all = TRUE)""]}",,1,7862,file,zip,csv,daily_TEMP_2012.csv,https://aqs.epa.gov/aqsweb/airdata/daily_TEMP_2012.zip,,https://www.epa.gov/aqs
7861,EPA,AQS,daily_TEMP_2011,2011,point,"{""stage_transform"": [""dplyr::mutate(staged, geom_source_coding='state_county_site', geom_source_value=paste0(stringr::str_pad(`State Code`,width=2,pad=0),stringr::str_pad(`County Code`,width=3,pad=0),stringr::str_pad(`Site Num`,width=4,pad=0)), geom_name = ifelse(!is.na(`Local Site Name`), `Local Site Name`, paste(Address, `State Name`, `County Name`)), geom_local_value=sf::st_as_binary(sf::st_as_sf(staged, coords=c('Latitude', 'Longitude'))$geometry,EWKB=TRUE, hex=TRUE),geom_local_epsg=ifelse(Datum == 'NAD83', 4326, 4269))"", ""dplyr::distinct(staged, Latitude, Longitude, geom_source_value, .keep_all = TRUE)""]}",,1,7861,file,zip,csv,daily_TEMP_2011.csv,https://aqs.epa.gov/aqsweb/airdata/daily_TEMP_2011.zip,,https://www.epa.gov/aqs
