variable_source_id,geom_dependency_uuid,variable_name,variable_desc,data_source_uuid,attr_spec
1,911,EPL_POV,Percentile Percentage of persons below poverty estimate,311,"{""stage_transform"":[""dplyr::mutate(staged,geom_join_column=FIPS, attr_concept_id=2000000001, attr_start_date=as.Date('2018-01-01'),attr_end_date=as.Date('2018-12-31'),value_as_number=EPL_POV, unit_concept_id=8554, attr_source_value='EPL_POV',value_source_value=EPL_POV)""]}"
12,7861,Daily Average Outdoor Temperature,Daily average outdoor temperature measured in degrees fahrenheit,7861,"{""stage_transform"":[""dplyr::mutate(staged,geom_join_column=paste0(stringr::str_pad(`State Code`,width=2,pad=0),stringr::str_pad(`County Code`,width=3,pad=0),stringr::str_pad(`Site Num`,width=4,pad=0)),attr_start_date=as.Date(`Date Local`),attr_end_date=as.Date(`Date Local`),value_as_number=`Arithmetic Mean`,attr_source_value='Daily Average Outdoor Temperature',value_source_value=`Arithmetic Mean`)""]}"
11,7861,Daily Maximum Outdoor Temperature,Daily average outdoor temperature measured in degrees fahrenheit,7861,"{""stage_transform"":[""dplyr::mutate(staged,geom_join_column=paste0(stringr::str_pad(`State Code`,width=2,pad=0),stringr::str_pad(`County Code`,width=3,pad=0),stringr::str_pad(`Site Num`,width=4,pad=0)),attr_start_date=as.Date(`Date Local`),attr_end_date=as.Date(`Date Local`),value_as_number=`1st Max Value`,attr_source_value='Daily Maximum Outdoor Temperature',value_source_value=`1st Max Value`)""]}"
14,7862,Daily Average Outdoor Temperature,Daily average outdoor temperature measured in degrees fahrenheit,7862,"{""stage_transform"":[""dplyr::mutate(staged,geom_join_column=paste0(stringr::str_pad(`State Code`,width=2,pad=0),stringr::str_pad(`County Code`,width=3,pad=0),stringr::str_pad(`Site Num`,width=4,pad=0)),attr_start_date=as.Date(`Date Local`),attr_end_date=as.Date(`Date Local`),value_as_number=`Arithmetic Mean`,attr_source_value='Daily Average Outdoor Temperature',value_source_value=`Arithmetic Mean`)""]}"
13,7862,Daily Maximum Outdoor Temperature,Daily average outdoor temperature measured in degrees fahrenheit,7862,"{""stage_transform"":[""dplyr::mutate(staged,geom_join_column=paste0(stringr::str_pad(`State Code`,width=2,pad=0),stringr::str_pad(`County Code`,width=3,pad=0),stringr::str_pad(`Site Num`,width=4,pad=0)),attr_start_date=as.Date(`Date Local`),attr_end_date=as.Date(`Date Local`),value_as_number=`1st Max Value`,attr_source_value='Daily Maximum Outdoor Temperature',value_source_value=`1st Max Value`)""]}"
16,7863,Daily Average Outdoor Temperature,Daily average outdoor temperature measured in degrees fahrenheit,7863,"{""stage_transform"":[""dplyr::mutate(staged,geom_join_column=paste0(stringr::str_pad(`State Code`,width=2,pad=0),stringr::str_pad(`County Code`,width=3,pad=0),stringr::str_pad(`Site Num`,width=4,pad=0)),attr_start_date=as.Date(`Date Local`),attr_end_date=as.Date(`Date Local`),value_as_number=`Arithmetic Mean`,attr_source_value='Daily Average Outdoor Temperature',value_source_value=`Arithmetic Mean`)""]}"
15,7863,Daily Maximum Outdoor Temperature,Daily average outdoor temperature measured in degrees fahrenheit,7863,"{""stage_transform"":[""dplyr::mutate(staged,geom_join_column=paste0(stringr::str_pad(`State Code`,width=2,pad=0),stringr::str_pad(`County Code`,width=3,pad=0),stringr::str_pad(`Site Num`,width=4,pad=0)),attr_start_date=as.Date(`Date Local`),attr_end_date=as.Date(`Date Local`),value_as_number=`1st Max Value`,attr_source_value='Daily Maximum Outdoor Temperature',value_source_value=`1st Max Value`)""]}"
18,7864,Daily Average Outdoor Temperature,Daily average outdoor temperature measured in degrees fahrenheit,7864,"{""stage_transform"":[""dplyr::mutate(staged,geom_join_column=paste0(stringr::str_pad(`State Code`,width=2,pad=0),stringr::str_pad(`County Code`,width=3,pad=0),stringr::str_pad(`Site Num`,width=4,pad=0)),attr_start_date=as.Date(`Date Local`),attr_end_date=as.Date(`Date Local`),value_as_number=`Arithmetic Mean`,attr_source_value='Daily Average Outdoor Temperature',value_source_value=`Arithmetic Mean`)""]}"
17,7864,Daily Maximum Outdoor Temperature,Daily average outdoor temperature measured in degrees fahrenheit,7864,"{""stage_transform"":[""dplyr::mutate(staged,geom_join_column=paste0(stringr::str_pad(`State Code`,width=2,pad=0),stringr::str_pad(`County Code`,width=3,pad=0),stringr::str_pad(`Site Num`,width=4,pad=0)),attr_start_date=as.Date(`Date Local`),attr_end_date=as.Date(`Date Local`),value_as_number=`1st Max Value`,attr_source_value='Daily Maximum Outdoor Temperature',value_source_value=`1st Max Value`)""]}"
20,7865,Daily Average Outdoor Temperature,Daily average outdoor temperature measured in degrees fahrenheit,7865,"{""stage_transform"":[""dplyr::mutate(staged,geom_join_column=paste0(stringr::str_pad(`State Code`,width=2,pad=0),stringr::str_pad(`County Code`,width=3,pad=0),stringr::str_pad(`Site Num`,width=4,pad=0)),attr_start_date=as.Date(`Date Local`),attr_end_date=as.Date(`Date Local`),value_as_number=`Arithmetic Mean`,attr_source_value='Daily Average Outdoor Temperature',value_source_value=`Arithmetic Mean`)""]}"
19,7865,Daily Maximum Outdoor Temperature,Daily average outdoor temperature measured in degrees fahrenheit,7865,"{""stage_transform"":[""dplyr::mutate(staged,geom_join_column=paste0(stringr::str_pad(`State Code`,width=2,pad=0),stringr::str_pad(`County Code`,width=3,pad=0),stringr::str_pad(`Site Num`,width=4,pad=0)),attr_start_date=as.Date(`Date Local`),attr_end_date=as.Date(`Date Local`),value_as_number=`1st Max Value`,attr_source_value='Daily Maximum Outdoor Temperature',value_source_value=`1st Max Value`)""]}"
22,7866,Daily Average Outdoor Temperature,Daily average outdoor temperature measured in degrees fahrenheit,7866,"{""stage_transform"":[""dplyr::mutate(staged,geom_join_column=paste0(stringr::str_pad(`State Code`,width=2,pad=0),stringr::str_pad(`County Code`,width=3,pad=0),stringr::str_pad(`Site Num`,width=4,pad=0)),attr_start_date=as.Date(`Date Local`),attr_end_date=as.Date(`Date Local`),value_as_number=`Arithmetic Mean`,attr_source_value='Daily Average Outdoor Temperature',value_source_value=`Arithmetic Mean`)""]}"
21,7866,Daily Maximum Outdoor Temperature,Daily average outdoor temperature measured in degrees fahrenheit,7866,"{""stage_transform"":[""dplyr::mutate(staged,geom_join_column=paste0(stringr::str_pad(`State Code`,width=2,pad=0),stringr::str_pad(`County Code`,width=3,pad=0),stringr::str_pad(`Site Num`,width=4,pad=0)),attr_start_date=as.Date(`Date Local`),attr_end_date=as.Date(`Date Local`),value_as_number=`1st Max Value`,attr_source_value='Daily Maximum Outdoor Temperature',value_source_value=`1st Max Value`)""]}"
24,7867,Daily Average Outdoor Temperature,Daily average outdoor temperature measured in degrees fahrenheit,7867,"{""stage_transform"":[""dplyr::mutate(staged,geom_join_column=paste0(stringr::str_pad(`State Code`,width=2,pad=0),stringr::str_pad(`County Code`,width=3,pad=0),stringr::str_pad(`Site Num`,width=4,pad=0)),attr_start_date=as.Date(`Date Local`),attr_end_date=as.Date(`Date Local`),value_as_number=`Arithmetic Mean`,attr_source_value='Daily Average Outdoor Temperature',value_source_value=`Arithmetic Mean`)""]}"
23,7867,Daily Maximum Outdoor Temperature,Daily average outdoor temperature measured in degrees fahrenheit,7867,"{""stage_transform"":[""dplyr::mutate(staged,geom_join_column=paste0(stringr::str_pad(`State Code`,width=2,pad=0),stringr::str_pad(`County Code`,width=3,pad=0),stringr::str_pad(`Site Num`,width=4,pad=0)),attr_start_date=as.Date(`Date Local`),attr_end_date=as.Date(`Date Local`),value_as_number=`1st Max Value`,attr_source_value='Daily Maximum Outdoor Temperature',value_source_value=`1st Max Value`)""]}"
26,7868,Daily Average Outdoor Temperature,Daily average outdoor temperature measured in degrees fahrenheit,7868,"{""stage_transform"":[""dplyr::mutate(staged,geom_join_column=paste0(stringr::str_pad(`State Code`,width=2,pad=0),stringr::str_pad(`County Code`,width=3,pad=0),stringr::str_pad(`Site Num`,width=4,pad=0)),attr_start_date=as.Date(`Date Local`),attr_end_date=as.Date(`Date Local`),value_as_number=`Arithmetic Mean`,attr_source_value='Daily Average Outdoor Temperature',value_source_value=`Arithmetic Mean`)""]}"
25,7868,Daily Maximum Outdoor Temperature,Daily average outdoor temperature measured in degrees fahrenheit,7868,"{""stage_transform"":[""dplyr::mutate(staged,geom_join_column=paste0(stringr::str_pad(`State Code`,width=2,pad=0),stringr::str_pad(`County Code`,width=3,pad=0),stringr::str_pad(`Site Num`,width=4,pad=0)),attr_start_date=as.Date(`Date Local`),attr_end_date=as.Date(`Date Local`),value_as_number=`1st Max Value`,attr_source_value='Daily Maximum Outdoor Temperature',value_source_value=`1st Max Value`)""]}"
28,7869,Daily Average Outdoor Temperature,Daily average outdoor temperature measured in degrees fahrenheit,7869,"{""stage_transform"":[""dplyr::mutate(staged,geom_join_column=paste0(stringr::str_pad(`State Code`,width=2,pad=0),stringr::str_pad(`County Code`,width=3,pad=0),stringr::str_pad(`Site Num`,width=4,pad=0)),attr_start_date=as.Date(`Date Local`),attr_end_date=as.Date(`Date Local`),value_as_number=`Arithmetic Mean`,attr_source_value='Daily Average Outdoor Temperature',value_source_value=`Arithmetic Mean`)""]}"
27,7869,Daily Maximum Outdoor Temperature,Daily average outdoor temperature measured in degrees fahrenheit,7869,"{""stage_transform"":[""dplyr::mutate(staged,geom_join_column=paste0(stringr::str_pad(`State Code`,width=2,pad=0),stringr::str_pad(`County Code`,width=3,pad=0),stringr::str_pad(`Site Num`,width=4,pad=0)),attr_start_date=as.Date(`Date Local`),attr_end_date=as.Date(`Date Local`),value_as_number=`1st Max Value`,attr_source_value='Daily Maximum Outdoor Temperature',value_source_value=`1st Max Value`)""]}"
30,7870,Daily Average Outdoor Temperature,Daily average outdoor temperature measured in degrees fahrenheit,7870,"{""stage_transform"":[""dplyr::mutate(staged,geom_join_column=paste0(stringr::str_pad(`State Code`,width=2,pad=0),stringr::str_pad(`County Code`,width=3,pad=0),stringr::str_pad(`Site Num`,width=4,pad=0)),attr_start_date=as.Date(`Date Local`),attr_end_date=as.Date(`Date Local`),value_as_number=`Arithmetic Mean`,attr_source_value='Daily Average Outdoor Temperature',value_source_value=`Arithmetic Mean`)""]}"
29,7870,Daily Maximum Outdoor Temperature,Daily average outdoor temperature measured in degrees fahrenheit,7870,"{""stage_transform"":[""dplyr::mutate(staged,geom_join_column=paste0(stringr::str_pad(`State Code`,width=2,pad=0),stringr::str_pad(`County Code`,width=3,pad=0),stringr::str_pad(`Site Num`,width=4,pad=0)),attr_start_date=as.Date(`Date Local`),attr_end_date=as.Date(`Date Local`),value_as_number=`1st Max Value`,attr_source_value='Daily Maximum Outdoor Temperature',value_source_value=`1st Max Value`)""]}"
61,10111,NO2,The Air Quality Index for the day for NO2,7871,"{""stage_transform"":[""dplyr::filter(staged,`Defining Parameter`=='NO2')"",""dplyr::mutate(staged,geom_join_column=paste0(stringr::str_pad(`State Code`,width=2,pad=0),stringr::str_pad(`County Code`,width=3,pad=0)),attr_start_date=as.Date(Date),attr_end_date=as.Date(Date),value_as_number=AQI,attr_source_value='NO2',value_source_value=AQI)""]}"
71,10111,CO,The Air Quality Index for the day for CO,7871,"{""stage_transform"":[""dplyr::filter(staged,`Defining Parameter`=='CO')"",""dplyr::mutate(staged,geom_join_column=paste0(stringr::str_pad(`State Code`,width=2,pad=0),stringr::str_pad(`County Code`,width=3,pad=0)),attr_start_date=as.Date(Date),attr_end_date=as.Date(Date),value_as_number=AQI,attr_source_value='CO',value_source_value=AQI)""]}"
51,10111,Ozone,The Air Quality Index for the day for Ozone,7871,"{""stage_transform"":[""dplyr::filter(staged,`Defining Parameter`=='Ozone')"",""dplyr::mutate(staged,geom_join_column=paste0(stringr::str_pad(`State Code`,width=2,pad=0),stringr::str_pad(`County Code`,width=3,pad=0)),attr_start_date=as.Date(Date),attr_end_date=as.Date(Date),value_as_number=AQI,attr_source_value='Ozone',value_source_value=AQI)""]}"
41,10111,PM10,The Air Quality Index for the day for PM10,7871,"{""stage_transform"":[""dplyr::filter(staged,`Defining Parameter`=='PM10')"",""dplyr::mutate(staged,geom_join_column=paste0(stringr::str_pad(`State Code`,width=2,pad=0),stringr::str_pad(`County Code`,width=3,pad=0)),attr_start_date=as.Date(Date),attr_end_date=as.Date(Date),value_as_number=AQI,attr_source_value='PM10',value_source_value=AQI)""]}"
31,10111,PM2.5,The Air Quality Index for the day for PM2.5,7871,"{""stage_transform"":[""dplyr::filter(staged,`Defining Parameter`=='PM2.5')"",""dplyr::mutate(staged,geom_join_column=paste0(stringr::str_pad(`State Code`,width=2,pad=0),stringr::str_pad(`County Code`,width=3,pad=0)),attr_start_date=as.Date(Date),attr_end_date=as.Date(Date),value_as_number=AQI,attr_source_value='PM2.5',value_source_value=AQI)""]}"
62,10120,NO2,The Air Quality Index for the day for NO2,7872,"{""stage_transform"":[""dplyr::filter(staged,`Defining Parameter`=='NO2')"",""dplyr::mutate(staged,geom_join_column=paste0(stringr::str_pad(`State Code`,width=2,pad=0),stringr::str_pad(`County Code`,width=3,pad=0)),attr_start_date=as.Date(Date),attr_end_date=as.Date(Date),value_as_number=AQI,attr_source_value='NO2',value_source_value=AQI)""]}"
72,10120,CO,The Air Quality Index for the day for CO,7872,"{""stage_transform"":[""dplyr::filter(staged,`Defining Parameter`=='CO')"",""dplyr::mutate(staged,geom_join_column=paste0(stringr::str_pad(`State Code`,width=2,pad=0),stringr::str_pad(`County Code`,width=3,pad=0)),attr_start_date=as.Date(Date),attr_end_date=as.Date(Date),value_as_number=AQI,attr_source_value='CO',value_source_value=AQI)""]}"
52,10120,Ozone,The Air Quality Index for the day for Ozone,7872,"{""stage_transform"":[""dplyr::filter(staged,`Defining Parameter`=='Ozone')"",""dplyr::mutate(staged,geom_join_column=paste0(stringr::str_pad(`State Code`,width=2,pad=0),stringr::str_pad(`County Code`,width=3,pad=0)),attr_start_date=as.Date(Date),attr_end_date=as.Date(Date),value_as_number=AQI,attr_source_value='Ozone',value_source_value=AQI)""]}"
42,10120,PM10,The Air Quality Index for the day for PM10,7872,"{""stage_transform"":[""dplyr::filter(staged,`Defining Parameter`=='PM10')"",""dplyr::mutate(staged,geom_join_column=paste0(stringr::str_pad(`State Code`,width=2,pad=0),stringr::str_pad(`County Code`,width=3,pad=0)),attr_start_date=as.Date(Date),attr_end_date=as.Date(Date),value_as_number=AQI,attr_source_value='PM10',value_source_value=AQI)""]}"
32,10120,PM2.5,The Air Quality Index for the day for PM2.5,7872,"{""stage_transform"":[""dplyr::filter(staged,`Defining Parameter`=='PM2.5')"",""dplyr::mutate(staged,geom_join_column=paste0(stringr::str_pad(`State Code`,width=2,pad=0),stringr::str_pad(`County Code`,width=3,pad=0)),attr_start_date=as.Date(Date),attr_end_date=as.Date(Date),value_as_number=AQI,attr_source_value='PM2.5',value_source_value=AQI)""]}"
63,10131,NO2,The Air Quality Index for the day for NO2,7873,"{""stage_transform"":[""dplyr::filter(staged,`Defining Parameter`=='NO2')"",""dplyr::mutate(staged,geom_join_column=paste0(stringr::str_pad(`State Code`,width=2,pad=0),stringr::str_pad(`County Code`,width=3,pad=0)),attr_start_date=as.Date(Date),attr_end_date=as.Date(Date),value_as_number=AQI,attr_source_value='NO2',value_source_value=AQI)""]}"
73,10131,CO,The Air Quality Index for the day for CO,7873,"{""stage_transform"":[""dplyr::filter(staged,`Defining Parameter`=='CO')"",""dplyr::mutate(staged,geom_join_column=paste0(stringr::str_pad(`State Code`,width=2,pad=0),stringr::str_pad(`County Code`,width=3,pad=0)),attr_start_date=as.Date(Date),attr_end_date=as.Date(Date),value_as_number=AQI,attr_source_value='CO',value_source_value=AQI)""]}"
53,10131,Ozone,The Air Quality Index for the day for Ozone,7873,"{""stage_transform"":[""dplyr::filter(staged,`Defining Parameter`=='Ozone')"",""dplyr::mutate(staged,geom_join_column=paste0(stringr::str_pad(`State Code`,width=2,pad=0),stringr::str_pad(`County Code`,width=3,pad=0)),attr_start_date=as.Date(Date),attr_end_date=as.Date(Date),value_as_number=AQI,attr_source_value='Ozone',value_source_value=AQI)""]}"
43,10131,PM10,The Air Quality Index for the day for PM10,7873,"{""stage_transform"":[""dplyr::filter(staged,`Defining Parameter`=='PM10')"",""dplyr::mutate(staged,geom_join_column=paste0(stringr::str_pad(`State Code`,width=2,pad=0),stringr::str_pad(`County Code`,width=3,pad=0)),attr_start_date=as.Date(Date),attr_end_date=as.Date(Date),value_as_number=AQI,attr_source_value='PM10',value_source_value=AQI)""]}"
33,10131,PM2.5,The Air Quality Index for the day for PM2.5,7873,"{""stage_transform"":[""dplyr::filter(staged,`Defining Parameter`=='PM2.5')"",""dplyr::mutate(staged,geom_join_column=paste0(stringr::str_pad(`State Code`,width=2,pad=0),stringr::str_pad(`County Code`,width=3,pad=0)),attr_start_date=as.Date(Date),attr_end_date=as.Date(Date),value_as_number=AQI,attr_source_value='PM2.5',value_source_value=AQI)""]}"
64,10142,NO2,The Air Quality Index for the day for NO2,7874,"{""stage_transform"":[""dplyr::filter(staged,`Defining Parameter`=='NO2')"",""dplyr::mutate(staged,geom_join_column=paste0(stringr::str_pad(`State Code`,width=2,pad=0),stringr::str_pad(`County Code`,width=3,pad=0)),attr_start_date=as.Date(Date),attr_end_date=as.Date(Date),value_as_number=AQI,attr_source_value='NO2',value_source_value=AQI)""]}"
74,10142,CO,The Air Quality Index for the day for CO,7874,"{""stage_transform"":[""dplyr::filter(staged,`Defining Parameter`=='CO')"",""dplyr::mutate(staged,geom_join_column=paste0(stringr::str_pad(`State Code`,width=2,pad=0),stringr::str_pad(`County Code`,width=3,pad=0)),attr_start_date=as.Date(Date),attr_end_date=as.Date(Date),value_as_number=AQI,attr_source_value='CO',value_source_value=AQI)""]}"
54,10142,Ozone,The Air Quality Index for the day for Ozone,7874,"{""stage_transform"":[""dplyr::filter(staged,`Defining Parameter`=='Ozone')"",""dplyr::mutate(staged,geom_join_column=paste0(stringr::str_pad(`State Code`,width=2,pad=0),stringr::str_pad(`County Code`,width=3,pad=0)),attr_start_date=as.Date(Date),attr_end_date=as.Date(Date),value_as_number=AQI,attr_source_value='Ozone',value_source_value=AQI)""]}"
44,10142,PM10,The Air Quality Index for the day for PM10,7874,"{""stage_transform"":[""dplyr::filter(staged,`Defining Parameter`=='PM10')"",""dplyr::mutate(staged,geom_join_column=paste0(stringr::str_pad(`State Code`,width=2,pad=0),stringr::str_pad(`County Code`,width=3,pad=0)),attr_start_date=as.Date(Date),attr_end_date=as.Date(Date),value_as_number=AQI,attr_source_value='PM10',value_source_value=AQI)""]}"
34,10142,PM2.5,The Air Quality Index for the day for PM2.5,7874,"{""stage_transform"":[""dplyr::filter(staged,`Defining Parameter`=='PM2.5')"",""dplyr::mutate(staged,geom_join_column=paste0(stringr::str_pad(`State Code`,width=2,pad=0),stringr::str_pad(`County Code`,width=3,pad=0)),attr_start_date=as.Date(Date),attr_end_date=as.Date(Date),value_as_number=AQI,attr_source_value='PM2.5',value_source_value=AQI)""]}"
65,10153,NO2,The Air Quality Index for the day for NO2,7875,"{""stage_transform"":[""dplyr::filter(staged,`Defining Parameter`=='NO2')"",""dplyr::mutate(staged,geom_join_column=paste0(stringr::str_pad(`State Code`,width=2,pad=0),stringr::str_pad(`County Code`,width=3,pad=0)),attr_start_date=as.Date(Date),attr_end_date=as.Date(Date),value_as_number=AQI,attr_source_value='NO2',value_source_value=AQI)""]}"
75,10153,CO,The Air Quality Index for the day for CO,7875,"{""stage_transform"":[""dplyr::filter(staged,`Defining Parameter`=='CO')"",""dplyr::mutate(staged,geom_join_column=paste0(stringr::str_pad(`State Code`,width=2,pad=0),stringr::str_pad(`County Code`,width=3,pad=0)),attr_start_date=as.Date(Date),attr_end_date=as.Date(Date),value_as_number=AQI,attr_source_value='CO',value_source_value=AQI)""]}"
55,10153,Ozone,The Air Quality Index for the day for Ozone,7875,"{""stage_transform"":[""dplyr::filter(staged,`Defining Parameter`=='Ozone')"",""dplyr::mutate(staged,geom_join_column=paste0(stringr::str_pad(`State Code`,width=2,pad=0),stringr::str_pad(`County Code`,width=3,pad=0)),attr_start_date=as.Date(Date),attr_end_date=as.Date(Date),value_as_number=AQI,attr_source_value='Ozone',value_source_value=AQI)""]}"
45,10153,PM10,The Air Quality Index for the day for PM10,7875,"{""stage_transform"":[""dplyr::filter(staged,`Defining Parameter`=='PM10')"",""dplyr::mutate(staged,geom_join_column=paste0(stringr::str_pad(`State Code`,width=2,pad=0),stringr::str_pad(`County Code`,width=3,pad=0)),attr_start_date=as.Date(Date),attr_end_date=as.Date(Date),value_as_number=AQI,attr_source_value='PM10',value_source_value=AQI)""]}"
35,10153,PM2.5,The Air Quality Index for the day for PM2.5,7875,"{""stage_transform"":[""dplyr::filter(staged,`Defining Parameter`=='PM2.5')"",""dplyr::mutate(staged,geom_join_column=paste0(stringr::str_pad(`State Code`,width=2,pad=0),stringr::str_pad(`County Code`,width=3,pad=0)),attr_start_date=as.Date(Date),attr_end_date=as.Date(Date),value_as_number=AQI,attr_source_value='PM2.5',value_source_value=AQI)""]}"
66,10164,NO2,The Air Quality Index for the day for NO2,7876,"{""stage_transform"":[""dplyr::filter(staged,`Defining Parameter`=='NO2')"",""dplyr::mutate(staged,geom_join_column=paste0(stringr::str_pad(`State Code`,width=2,pad=0),stringr::str_pad(`County Code`,width=3,pad=0)),attr_start_date=as.Date(Date),attr_end_date=as.Date(Date),value_as_number=AQI,attr_source_value='NO2',value_source_value=AQI)""]}"
76,10164,CO,The Air Quality Index for the day for CO,7876,"{""stage_transform"":[""dplyr::filter(staged,`Defining Parameter`=='CO')"",""dplyr::mutate(staged,geom_join_column=paste0(stringr::str_pad(`State Code`,width=2,pad=0),stringr::str_pad(`County Code`,width=3,pad=0)),attr_start_date=as.Date(Date),attr_end_date=as.Date(Date),value_as_number=AQI,attr_source_value='CO',value_source_value=AQI)""]}"
56,10164,Ozone,The Air Quality Index for the day for Ozone,7876,"{""stage_transform"":[""dplyr::filter(staged,`Defining Parameter`=='Ozone')"",""dplyr::mutate(staged,geom_join_column=paste0(stringr::str_pad(`State Code`,width=2,pad=0),stringr::str_pad(`County Code`,width=3,pad=0)),attr_start_date=as.Date(Date),attr_end_date=as.Date(Date),value_as_number=AQI,attr_source_value='Ozone',value_source_value=AQI)""]}"
46,10164,PM10,The Air Quality Index for the day for PM10,7876,"{""stage_transform"":[""dplyr::filter(staged,`Defining Parameter`=='PM10')"",""dplyr::mutate(staged,geom_join_column=paste0(stringr::str_pad(`State Code`,width=2,pad=0),stringr::str_pad(`County Code`,width=3,pad=0)),attr_start_date=as.Date(Date),attr_end_date=as.Date(Date),value_as_number=AQI,attr_source_value='PM10',value_source_value=AQI)""]}"
36,10164,PM2.5,The Air Quality Index for the day for PM2.5,7876,"{""stage_transform"":[""dplyr::filter(staged,`Defining Parameter`=='PM2.5')"",""dplyr::mutate(staged,geom_join_column=paste0(stringr::str_pad(`State Code`,width=2,pad=0),stringr::str_pad(`County Code`,width=3,pad=0)),attr_start_date=as.Date(Date),attr_end_date=as.Date(Date),value_as_number=AQI,attr_source_value='PM2.5',value_source_value=AQI)""]}"
67,10175,NO2,The Air Quality Index for the day for NO2,7877,"{""stage_transform"":[""dplyr::filter(staged,`Defining Parameter`=='NO2')"",""dplyr::mutate(staged,geom_join_column=paste0(stringr::str_pad(`State Code`,width=2,pad=0),stringr::str_pad(`County Code`,width=3,pad=0)),attr_start_date=as.Date(Date),attr_end_date=as.Date(Date),value_as_number=AQI,attr_source_value='NO2',value_source_value=AQI)""]}"
77,10175,CO,The Air Quality Index for the day for CO,7877,"{""stage_transform"":[""dplyr::filter(staged,`Defining Parameter`=='CO')"",""dplyr::mutate(staged,geom_join_column=paste0(stringr::str_pad(`State Code`,width=2,pad=0),stringr::str_pad(`County Code`,width=3,pad=0)),attr_start_date=as.Date(Date),attr_end_date=as.Date(Date),value_as_number=AQI,attr_source_value='CO',value_source_value=AQI)""]}"
57,10175,Ozone,The Air Quality Index for the day for Ozone,7877,"{""stage_transform"":[""dplyr::filter(staged,`Defining Parameter`=='Ozone')"",""dplyr::mutate(staged,geom_join_column=paste0(stringr::str_pad(`State Code`,width=2,pad=0),stringr::str_pad(`County Code`,width=3,pad=0)),attr_start_date=as.Date(Date),attr_end_date=as.Date(Date),value_as_number=AQI,attr_source_value='Ozone',value_source_value=AQI)""]}"
47,10175,PM10,The Air Quality Index for the day for PM10,7877,"{""stage_transform"":[""dplyr::filter(staged,`Defining Parameter`=='PM10')"",""dplyr::mutate(staged,geom_join_column=paste0(stringr::str_pad(`State Code`,width=2,pad=0),stringr::str_pad(`County Code`,width=3,pad=0)),attr_start_date=as.Date(Date),attr_end_date=as.Date(Date),value_as_number=AQI,attr_source_value='PM10',value_source_value=AQI)""]}"
37,10175,PM2.5,The Air Quality Index for the day for PM2.5,7877,"{""stage_transform"":[""dplyr::filter(staged,`Defining Parameter`=='PM2.5')"",""dplyr::mutate(staged,geom_join_column=paste0(stringr::str_pad(`State Code`,width=2,pad=0),stringr::str_pad(`County Code`,width=3,pad=0)),attr_start_date=as.Date(Date),attr_end_date=as.Date(Date),value_as_number=AQI,attr_source_value='PM2.5',value_source_value=AQI)""]}"
68,1234,NO2,The Air Quality Index for the day for NO2,7878,"{""stage_transform"":[""dplyr::filter(staged,`Defining Parameter`=='NO2')"",""dplyr::mutate(staged,geom_join_column=paste0(stringr::str_pad(`State Code`,width=2,pad=0),stringr::str_pad(`County Code`,width=3,pad=0)),attr_start_date=as.Date(Date),attr_end_date=as.Date(Date),value_as_number=AQI,attr_source_value='NO2',value_source_value=AQI)""]}"
78,1234,CO,The Air Quality Index for the day for CO,7878,"{""stage_transform"":[""dplyr::filter(staged,`Defining Parameter`=='CO')"",""dplyr::mutate(staged,geom_join_column=paste0(stringr::str_pad(`State Code`,width=2,pad=0),stringr::str_pad(`County Code`,width=3,pad=0)),attr_start_date=as.Date(Date),attr_end_date=as.Date(Date),value_as_number=AQI,attr_source_value='CO',value_source_value=AQI)""]}"
58,1234,Ozone,The Air Quality Index for the day for Ozone,7878,"{""stage_transform"":[""dplyr::filter(staged,`Defining Parameter`=='Ozone')"",""dplyr::mutate(staged,geom_join_column=paste0(stringr::str_pad(`State Code`,width=2,pad=0),stringr::str_pad(`County Code`,width=3,pad=0)),attr_start_date=as.Date(Date),attr_end_date=as.Date(Date),value_as_number=AQI,attr_source_value='Ozone',value_source_value=AQI)""]}"
48,1234,PM10,The Air Quality Index for the day for PM10,7878,"{""stage_transform"":[""dplyr::filter(staged,`Defining Parameter`=='PM10')"",""dplyr::mutate(staged,geom_join_column=paste0(stringr::str_pad(`State Code`,width=2,pad=0),stringr::str_pad(`County Code`,width=3,pad=0)),attr_start_date=as.Date(Date),attr_end_date=as.Date(Date),value_as_number=AQI,attr_source_value='PM10',value_source_value=AQI)""]}"
38,1234,PM2.5,The Air Quality Index for the day for PM2.5,7878,"{""stage_transform"":[""dplyr::filter(staged,`Defining Parameter`=='PM2.5')"",""dplyr::mutate(staged,geom_join_column=paste0(stringr::str_pad(`State Code`,width=2,pad=0),stringr::str_pad(`County Code`,width=3,pad=0)),attr_start_date=as.Date(Date),attr_end_date=as.Date(Date),value_as_number=AQI,attr_source_value='PM2.5',value_source_value=AQI)""]}"
69,10196,NO2,The Air Quality Index for the day for NO2,7879,"{""stage_transform"":[""dplyr::filter(staged,`Defining Parameter`=='NO2')"",""dplyr::mutate(staged,geom_join_column=paste0(stringr::str_pad(`State Code`,width=2,pad=0),stringr::str_pad(`County Code`,width=3,pad=0)),attr_start_date=as.Date(Date),attr_end_date=as.Date(Date),value_as_number=AQI,attr_source_value='NO2',value_source_value=AQI)""]}"
79,10196,CO,The Air Quality Index for the day for CO,7879,"{""stage_transform"":[""dplyr::filter(staged,`Defining Parameter`=='CO')"",""dplyr::mutate(staged,geom_join_column=paste0(stringr::str_pad(`State Code`,width=2,pad=0),stringr::str_pad(`County Code`,width=3,pad=0)),attr_start_date=as.Date(Date),attr_end_date=as.Date(Date),value_as_number=AQI,attr_source_value='CO',value_source_value=AQI)""]}"
59,10196,Ozone,The Air Quality Index for the day for Ozone,7879,"{""stage_transform"":[""dplyr::filter(staged,`Defining Parameter`=='Ozone')"",""dplyr::mutate(staged,geom_join_column=paste0(stringr::str_pad(`State Code`,width=2,pad=0),stringr::str_pad(`County Code`,width=3,pad=0)),attr_start_date=as.Date(Date),attr_end_date=as.Date(Date),value_as_number=AQI,attr_source_value='Ozone',value_source_value=AQI)""]}"
49,10196,PM10,The Air Quality Index for the day for PM10,7879,"{""stage_transform"":[""dplyr::filter(staged,`Defining Parameter`=='PM10')"",""dplyr::mutate(staged,geom_join_column=paste0(stringr::str_pad(`State Code`,width=2,pad=0),stringr::str_pad(`County Code`,width=3,pad=0)),attr_start_date=as.Date(Date),attr_end_date=as.Date(Date),value_as_number=AQI,attr_source_value='PM10',value_source_value=AQI)""]}"
39,10196,PM2.5,The Air Quality Index for the day for PM2.5,7879,"{""stage_transform"":[""dplyr::filter(staged,`Defining Parameter`=='PM2.5')"",""dplyr::mutate(staged,geom_join_column=paste0(stringr::str_pad(`State Code`,width=2,pad=0),stringr::str_pad(`County Code`,width=3,pad=0)),attr_start_date=as.Date(Date),attr_end_date=as.Date(Date),value_as_number=AQI,attr_source_value='PM2.5',value_source_value=AQI)""]}"
70,10207,NO2,The Air Quality Index for the day for NO2,7880,"{""stage_transform"":[""dplyr::filter(staged,`Defining Parameter`=='NO2')"",""dplyr::mutate(staged,geom_join_column=paste0(stringr::str_pad(`State Code`,width=2,pad=0),stringr::str_pad(`County Code`,width=3,pad=0)),attr_start_date=as.Date(Date),attr_end_date=as.Date(Date),value_as_number=AQI,attr_source_value='NO2',value_source_value=AQI)""]}"
80,10207,CO,The Air Quality Index for the day for CO,7880,"{""stage_transform"":[""dplyr::filter(staged,`Defining Parameter`=='CO')"",""dplyr::mutate(staged,geom_join_column=paste0(stringr::str_pad(`State Code`,width=2,pad=0),stringr::str_pad(`County Code`,width=3,pad=0)),attr_start_date=as.Date(Date),attr_end_date=as.Date(Date),value_as_number=AQI,attr_source_value='CO',value_source_value=AQI)""]}"
60,10207,Ozone,The Air Quality Index for the day for Ozone,7880,"{""stage_transform"":[""dplyr::filter(staged,`Defining Parameter`=='Ozone')"",""dplyr::mutate(staged,geom_join_column=paste0(stringr::str_pad(`State Code`,width=2,pad=0),stringr::str_pad(`County Code`,width=3,pad=0)),attr_start_date=as.Date(Date),attr_end_date=as.Date(Date),value_as_number=AQI,attr_source_value='Ozone',value_source_value=AQI)""]}"
50,10207,PM10,The Air Quality Index for the day for PM10,7880,"{""stage_transform"":[""dplyr::filter(staged,`Defining Parameter`=='PM10')"",""dplyr::mutate(staged,geom_join_column=paste0(stringr::str_pad(`State Code`,width=2,pad=0),stringr::str_pad(`County Code`,width=3,pad=0)),attr_start_date=as.Date(Date),attr_end_date=as.Date(Date),value_as_number=AQI,attr_source_value='PM10',value_source_value=AQI)""]}"
40,10207,PM2.5,The Air Quality Index for the day for PM2.5,7880,"{""stage_transform"":[""dplyr::filter(staged,`Defining Parameter`=='PM2.5')"",""dplyr::mutate(staged,geom_join_column=paste0(stringr::str_pad(`State Code`,width=2,pad=0),stringr::str_pad(`County Code`,width=3,pad=0)),attr_start_date=as.Date(Date),attr_end_date=as.Date(Date),value_as_number=AQI,attr_source_value='PM2.5',value_source_value=AQI)""]}"
225,1234,F_UNEMP,"Flag - the percentage of civilian unemployed is in the 90th percentile (1 = yes, 0 = no)",9999,"{""stage_transform"":[""dplyr::mutate(staged,geom_join_column=FIPS,attr_start_date=as.Date('2018-01-01'),attr_end_date=as.Date('2018-12-31'),value_as_number=F_UNEMP,attr_source_value='F_UNEMP',value_source_value=F_UNEMP)""]}"
170,1234,MP_POV,Percentage of persons below poverty estimate MOE,9999,"{""stage_transform"":[""dplyr::mutate(staged,geom_join_column=FIPS,attr_start_date=as.Date('2018-01-01'),attr_end_date=as.Date('2018-12-31'),value_as_number=MP_POV,attr_source_value='MP_POV',value_source_value=MP_POV)""]}"
236,1234,F_THEME3,Sum of flags for Minority Status/Languag e theme,9999,"{""stage_transform"":[""dplyr::mutate(staged,geom_join_column=FIPS,attr_start_date=as.Date('2018-01-01'),attr_end_date=as.Date('2018-12-31'),value_as_number=F_THEME3,attr_source_value='F_THEME3',value_source_value=F_THEME3)""]}"
228,1234,F_THEME1,Sum of flags for Socioeconomic Status theme,9999,"{""stage_transform"":[""dplyr::mutate(staged,geom_join_column=FIPS,attr_start_date=as.Date('2018-01-01'),attr_end_date=as.Date('2018-12-31'),value_as_number=F_THEME1,attr_source_value='F_THEME1',value_source_value=F_THEME1)""]}"
216,1234,EPL_MOBILE,Percentile percentage mobile homes estimate,9999,"{""stage_transform"":[""dplyr::mutate(staged,geom_join_column=FIPS,attr_start_date=as.Date('2018-01-01'),attr_end_date=as.Date('2018-12-31'),value_as_number=EPL_MOBILE,attr_source_value='EPL_MOBILE',value_source_value=EPL_MOBILE)""]}"
206,1234,EPL_AGE17,Percentile percentage of persons aged 17 and younger estimate,9999,"{""stage_transform"":[""dplyr::mutate(staged,geom_join_column=FIPS,attr_start_date=as.Date('2018-01-01'),attr_end_date=as.Date('2018-12-31'),value_as_number=EPL_AGE17,attr_source_value='EPL_AGE17',value_source_value=EPL_AGE17)""]}"
198,1234,MP_GROUPQ,"Percentage of persons in group quarters estimate MOE, 2014-2018 ACS",9999,"{""stage_transform"":[""dplyr::mutate(staged,geom_join_column=FIPS,attr_start_date=as.Date('2018-01-01'),attr_end_date=as.Date('2018-12-31'),value_as_number=MP_GROUPQ,attr_source_value='MP_GROUPQ',value_source_value=MP_GROUPQ)""]}"
137,1234,E_HH,"Households estimate, 2014-2018 ACS",9999,"{""stage_transform"":[""dplyr::mutate(staged,geom_join_column=FIPS,attr_start_date=as.Date('2018-01-01'),attr_end_date=as.Date('2018-12-31'),value_as_number=E_HH,attr_source_value='E_HH',value_source_value=E_HH)""]}"
142,1234,M_UNEMP,"Civilian (age 16+) unemployed estimate MOE, 2014-2018 ACS",9999,"{""stage_transform"":[""dplyr::mutate(staged,geom_join_column=FIPS,attr_start_date=as.Date('2018-01-01'),attr_end_date=as.Date('2018-12-31'),value_as_number=M_UNEMP,attr_source_value='M_UNEMP',value_source_value=M_UNEMP)""]}"
219,1234,EPL_GROUPQ,Percentile percentage of persons in group quarters estimate,9999,"{""stage_transform"":[""dplyr::mutate(staged,geom_join_column=FIPS,attr_start_date=as.Date('2018-01-01'),attr_end_date=as.Date('2018-12-31'),value_as_number=EPL_GROUPQ,attr_source_value='EPL_GROUPQ',value_source_value=EPL_GROUPQ)""]}"
201,1234,EPL_PCI,Percentile per capita income estimate,9999,"{""stage_transform"":[""dplyr::mutate(staged,geom_join_column=FIPS,attr_start_date=as.Date('2018-01-01'),attr_end_date=as.Date('2018-12-31'),value_as_number=EPL_PCI,attr_source_value='EPL_PCI',value_source_value=EPL_PCI)""]}"
186,1234,MP_MINRTY,"Percentage minority (all persons except white, non- Hispanic) estimate MOE, 2014-2018 ACS",9999,"{""stage_transform"":[""dplyr::mutate(staged,geom_join_column=FIPS,attr_start_date=as.Date('2018-01-01'),attr_end_date=as.Date('2018-12-31'),value_as_number=MP_MINRTY,attr_source_value='MP_MINRTY',value_source_value=MP_MINRTY)""]}"
174,1234,MP_PCI,"Per capita income estimate MOE, 2014-2018 ACS",9999,"{""stage_transform"":[""dplyr::mutate(staged,geom_join_column=FIPS,attr_start_date=as.Date('2018-01-01'),attr_end_date=as.Date('2018-12-31'),value_as_number=MP_PCI,attr_source_value='MP_PCI',value_source_value=MP_PCI)""]}"
223,1234,RPL_THEMES,Overall percentile ranking,9999,"{""stage_transform"":[""dplyr::mutate(staged,geom_join_column=FIPS,attr_start_date=as.Date('2018-01-01'),attr_end_date=as.Date('2018-12-31'),value_as_number=RPL_THEMES,attr_source_value='RPL_THEMES',value_source_value=RPL_THEMES)""]}"
199,1234,EPL_POV,Percentile Percentage of persons below poverty estimate,9999,"{""stage_transform"":[""dplyr::mutate(staged,geom_join_column=FIPS,attr_start_date=as.Date('2018-01-01'),attr_end_date=as.Date('2018-12-31'),value_as_number=EPL_POV,attr_source_value='EPL_POV',value_source_value=EPL_POV)""]}"
192,1234,MP_MOBILE,Percentage of mobile homes estimate MOE,9999,"{""stage_transform"":[""dplyr::mutate(staged,geom_join_column=FIPS,attr_start_date=as.Date('2018-01-01'),attr_end_date=as.Date('2018-12-31'),value_as_number=MP_MOBILE,attr_source_value='MP_MOBILE',value_source_value=MP_MOBILE)""]}"
132,1234,AREA_SQMI,Tract area in square miles,9999,"{""stage_transform"":[""dplyr::mutate(staged,geom_join_column=FIPS,attr_start_date=as.Date('2018-01-01'),attr_end_date=as.Date('2018-12-31'),value_as_number=AREA_SQMI,attr_source_value='AREA_SQMI',value_source_value=AREA_SQMI)""]}"
178,1234,MP_AGE65,"Percentage of persons aged 65 and older estimate MOE, 2014-2018 ACS",9999,"{""stage_transform"":[""dplyr::mutate(staged,geom_join_column=FIPS,attr_start_date=as.Date('2018-01-01'),attr_end_date=as.Date('2018-12-31'),value_as_number=MP_AGE65,attr_source_value='MP_AGE65',value_source_value=MP_AGE65)""]}"
229,1234,F_AGE65,"Flag - the percentage of persons aged 65 and older is in the 90th percentile (1 = yes, 0 = no)",9999,"{""stage_transform"":[""dplyr::mutate(staged,geom_join_column=FIPS,attr_start_date=as.Date('2018-01-01'),attr_end_date=as.Date('2018-12-31'),value_as_number=F_AGE65,attr_source_value='F_AGE65',value_source_value=F_AGE65)""]}"
221,1234,RPL_THEME4,Percentile ranking for Housing Type/ Transportation theme,9999,"{""stage_transform"":[""dplyr::mutate(staged,geom_join_column=FIPS,attr_start_date=as.Date('2018-01-01'),attr_end_date=as.Date('2018-12-31'),value_as_number=RPL_THEME4,attr_source_value='RPL_THEME4',value_source_value=RPL_THEME4)""]}"
145,1234,E_NOHSDP,"Persons (age 25+) with no high school diploma estimate, 2014-2018 ACS",9999,"{""stage_transform"":[""dplyr::mutate(staged,geom_join_column=FIPS,attr_start_date=as.Date('2018-01-01'),attr_end_date=as.Date('2018-12-31'),value_as_number=E_NOHSDP,attr_source_value='E_NOHSDP',value_source_value=E_NOHSDP)""]}"
231,1234,F_DISABL,"Flag - the percentage of persons with a disability is in the 90th percentile (1 = yes, 0 = no)",9999,"{""stage_transform"":[""dplyr::mutate(staged,geom_join_column=FIPS,attr_start_date=as.Date('2018-01-01'),attr_end_date=as.Date('2018-12-31'),value_as_number=F_DISABL,attr_source_value='F_DISABL',value_source_value=F_DISABL)""]}"
218,1234,EPL_NOVEH,Percentile percentage households with no vehicle available estimate,9999,"{""stage_transform"":[""dplyr::mutate(staged,geom_join_column=FIPS,attr_start_date=as.Date('2018-01-01'),attr_end_date=as.Date('2018-12-31'),value_as_number=EPL_NOVEH,attr_source_value='EPL_NOVEH',value_source_value=EPL_NOVEH)""]}"
237,1234,F_MUNIT,"Flag - the percentage of households in multi-unit housing is in the 90th percentile (1 = yes, 0 = no)",9999,"{""stage_transform"":[""dplyr::mutate(staged,geom_join_column=FIPS,attr_start_date=as.Date('2018-01-01'),attr_end_date=as.Date('2018-12-31'),value_as_number=F_MUNIT,attr_source_value='F_MUNIT',value_source_value=F_MUNIT)""]}"
214,1234,RPL_THEME3,Percentile ranking for Minority Status/Languag e theme,9999,"{""stage_transform"":[""dplyr::mutate(staged,geom_join_column=FIPS,attr_start_date=as.Date('2018-01-01'),attr_end_date=as.Date('2018-12-31'),value_as_number=RPL_THEME3,attr_source_value='RPL_THEME3',value_source_value=RPL_THEME3)""]}"
222,1234,SPL_THEMES,Sum of series themes,9999,"{""stage_transform"":[""dplyr::mutate(staged,geom_join_column=FIPS,attr_start_date=as.Date('2018-01-01'),attr_end_date=as.Date('2018-12-31'),value_as_number=SPL_THEMES,attr_source_value='SPL_THEMES',value_source_value=SPL_THEMES)""]}"
160,1234,M_MUNIT,"Housing in structures with 10 or more units estimate MOE, 2014- 2018 ACS",9999,"{""stage_transform"":[""dplyr::mutate(staged,geom_join_column=FIPS,attr_start_date=as.Date('2018-01-01'),attr_end_date=as.Date('2018-12-31'),value_as_number=M_MUNIT,attr_source_value='M_MUNIT',value_source_value=M_MUNIT)""]}"
179,1234,EP_AGE17,"Percentage of persons aged 17 and younger estimate, 2014-2018 ACS",9999,"{""stage_transform"":[""dplyr::mutate(staged,geom_join_column=FIPS,attr_start_date=as.Date('2018-01-01'),attr_end_date=as.Date('2018-12-31'),value_as_number=EP_AGE17,attr_source_value='EP_AGE17',value_source_value=EP_AGE17)""]}"
155,1234,E_MINRTY,"Minority (all persons except white, non- Hispanic) estimate, 2014-2018 ACS",9999,"{""stage_transform"":[""dplyr::mutate(staged,geom_join_column=FIPS,attr_start_date=as.Date('2018-01-01'),attr_end_date=as.Date('2018-12-31'),value_as_number=E_MINRTY,attr_source_value='E_MINRTY',value_source_value=E_MINRTY)""]}"
146,1234,M_NOHSDP,"Persons (age 25+) with no high school diploma estimate MOE, 2014-2018 ACS",9999,"{""stage_transform"":[""dplyr::mutate(staged,geom_join_column=FIPS,attr_start_date=as.Date('2018-01-01'),attr_end_date=as.Date('2018-12-31'),value_as_number=M_NOHSDP,attr_source_value='M_NOHSDP',value_source_value=M_NOHSDP)""]}"
162,1234,M_MOBILE,"Mobile homes estimate MOE, 2014-2018 ACS",9999,"{""stage_transform"":[""dplyr::mutate(staged,geom_join_column=FIPS,attr_start_date=as.Date('2018-01-01'),attr_end_date=as.Date('2018-12-31'),value_as_number=M_MOBILE,attr_source_value='M_MOBILE',value_source_value=M_MOBILE)""]}"
150,1234,M_AGE17,"Persons aged 17 and younger estimate MOE, 2014-2018 ACS",9999,"{""stage_transform"":[""dplyr::mutate(staged,geom_join_column=FIPS,attr_start_date=as.Date('2018-01-01'),attr_end_date=as.Date('2018-12-31'),value_as_number=M_AGE17,attr_source_value='M_AGE17',value_source_value=M_AGE17)""]}"
243,1234,F_TOTAL,Sum of flags for the four themes,9999,"{""stage_transform"":[""dplyr::mutate(staged,geom_join_column=FIPS,attr_start_date=as.Date('2018-01-01'),attr_end_date=as.Date('2018-12-31'),value_as_number=F_TOTAL,attr_source_value='F_TOTAL',value_source_value=F_TOTAL)""]}"
187,1234,EP_LIMENG,"Percentage of persons (age 5+) who speak English ""less than well"" estimate, 2014-2018 ACS",9999,"{""stage_transform"":[""dplyr::mutate(staged,geom_join_column=FIPS,attr_start_date=as.Date('2018-01-01'),attr_end_date=as.Date('2018-12-31'),value_as_number=EP_LIMENG,attr_source_value='EP_LIMENG',value_source_value=EP_LIMENG)""]}"
143,1234,E_PCI,"Per capita income estimate, 2014-2018 ACS",9999,"{""stage_transform"":[""dplyr::mutate(staged,geom_join_column=FIPS,attr_start_date=as.Date('2018-01-01'),attr_end_date=as.Date('2018-12-31'),value_as_number=E_PCI,attr_source_value='E_PCI',value_source_value=E_PCI)""]}"
238,1234,F_MOBILE,"Flag - the percentage of mobile homes is in the 90th percentile (1 = yes, 0 = no)",9999,"{""stage_transform"":[""dplyr::mutate(staged,geom_join_column=FIPS,attr_start_date=as.Date('2018-01-01'),attr_end_date=as.Date('2018-12-31'),value_as_number=F_MOBILE,attr_source_value='F_MOBILE',value_source_value=F_MOBILE)""]}"
164,1234,M_CROWD,"At household level (occupied housing units), more people than rooms estimate MOE, 2014-2018 ACS",9999,"{""stage_transform"":[""dplyr::mutate(staged,geom_join_column=FIPS,attr_start_date=as.Date('2018-01-01'),attr_end_date=as.Date('2018-12-31'),value_as_number=M_CROWD,attr_source_value='M_CROWD',value_source_value=M_CROWD)""]}"
210,1234,RPL_THEME2,Percentile ranking for Household Composition theme summary,9999,"{""stage_transform"":[""dplyr::mutate(staged,geom_join_column=FIPS,attr_start_date=as.Date('2018-01-01'),attr_end_date=as.Date('2018-12-31'),value_as_number=RPL_THEME2,attr_source_value='RPL_THEME2',value_source_value=RPL_THEME2)""]}"
196,1234,MP_NOVEH,Percentage of households with no vehicle available estimate MOE,9999,"{""stage_transform"":[""dplyr::mutate(staged,geom_join_column=FIPS,attr_start_date=as.Date('2018-01-01'),attr_end_date=as.Date('2018-12-31'),value_as_number=MP_NOVEH,attr_source_value='MP_NOVEH',value_source_value=MP_NOVEH)""]}"
158,1234,M_LIMENG,"Persons (age 5+) who speak English ""less than well"" estimate MOE, 2014-2018 ACS",9999,"{""stage_transform"":[""dplyr::mutate(staged,geom_join_column=FIPS,attr_start_date=as.Date('2018-01-01'),attr_end_date=as.Date('2018-12-31'),value_as_number=M_LIMENG,attr_source_value='M_LIMENG',value_source_value=M_LIMENG)""]}"
215,1234,EPL_MUNIT,Percentile percentage housing in structures with 10 or more units estimate,9999,"{""stage_transform"":[""dplyr::mutate(staged,geom_join_column=FIPS,attr_start_date=as.Date('2018-01-01'),attr_end_date=as.Date('2018-12-31'),value_as_number=EPL_MUNIT,attr_source_value='EPL_MUNIT',value_source_value=EPL_MUNIT)""]}"
147,1234,E_AGE65,"Persons aged 65 and older estimate, 2014-2018 ACS",9999,"{""stage_transform"":[""dplyr::mutate(staged,geom_join_column=FIPS,attr_start_date=as.Date('2018-01-01'),attr_end_date=as.Date('2018-12-31'),value_as_number=E_AGE65,attr_source_value='E_AGE65',value_source_value=E_AGE65)""]}"
188,1234,MP_LIMENG,"Percentage of persons (age 5+) who speak English ""less than well"" estimate MOE, 2014-2018 ACS",9999,"{""stage_transform"":[""dplyr::mutate(staged,geom_join_column=FIPS,attr_start_date=as.Date('2018-01-01'),attr_end_date=as.Date('2018-12-31'),value_as_number=MP_LIMENG,attr_source_value='MP_LIMENG',value_source_value=MP_LIMENG)""]}"
200,1234,EPL_UNEMP,Percentile Percentage of civilian (age 16+) unemployed estimate,9999,"{""stage_transform"":[""dplyr::mutate(staged,geom_join_column=FIPS,attr_start_date=as.Date('2018-01-01'),attr_end_date=as.Date('2018-12-31'),value_as_number=EPL_UNEMP,attr_source_value='EPL_UNEMP',value_source_value=EPL_UNEMP)""]}"
134,1234,M_TOTPOP,"Population estimate MOE, 2014-2018 ACS",9999,"{""stage_transform"":[""dplyr::mutate(staged,geom_join_column=FIPS,attr_start_date=as.Date('2018-01-01'),attr_end_date=as.Date('2018-12-31'),value_as_number=M_TOTPOP,attr_source_value='M_TOTPOP',value_source_value=M_TOTPOP)""]}"
197,1234,EP_GROUPQ,"Percentage of persons in group quarters estimate, 2014-2018 ACS",9999,"{""stage_transform"":[""dplyr::mutate(staged,geom_join_column=FIPS,attr_start_date=as.Date('2018-01-01'),attr_end_date=as.Date('2018-12-31'),value_as_number=EP_GROUPQ,attr_source_value='EP_GROUPQ',value_source_value=EP_GROUPQ)""]}"
152,1234,M_DISABL,"Civilian noninstitutiona lized population with a disability estimate MOE, 2014-2018 ACS",9999,"{""stage_transform"":[""dplyr::mutate(staged,geom_join_column=FIPS,attr_start_date=as.Date('2018-01-01'),attr_end_date=as.Date('2018-12-31'),value_as_number=M_DISABL,attr_source_value='M_DISABL',value_source_value=M_DISABL)""]}"
177,1234,EP_AGE65,"Percentage of persons aged 65 and older estimate, 2014-2018 ACS",9999,"{""stage_transform"":[""dplyr::mutate(staged,geom_join_column=FIPS,attr_start_date=as.Date('2018-01-01'),attr_end_date=as.Date('2018-12-31'),value_as_number=EP_AGE65,attr_source_value='EP_AGE65',value_source_value=EP_AGE65)""]}"
194,1234,MP_CROWD,Percentage of occupied housing units with more people than rooms estimate MOE,9999,"{""stage_transform"":[""dplyr::mutate(staged,geom_join_column=FIPS,attr_start_date=as.Date('2018-01-01'),attr_end_date=as.Date('2018-12-31'),value_as_number=MP_CROWD,attr_source_value='MP_CROWD',value_source_value=MP_CROWD)""]}"
135,1234,E_HU,"Housing units estimate, 2014-2018 ACS",9999,"{""stage_transform"":[""dplyr::mutate(staged,geom_join_column=FIPS,attr_start_date=as.Date('2018-01-01'),attr_end_date=as.Date('2018-12-31'),value_as_number=E_HU,attr_source_value='E_HU',value_source_value=E_HU)""]}"
182,1234,MP_DISABL,"Percentage of civilian noninstitutiona lized population with a disability estimate MOE, 2014-2018 ACS",9999,"{""stage_transform"":[""dplyr::mutate(staged,geom_join_column=FIPS,attr_start_date=as.Date('2018-01-01'),attr_end_date=as.Date('2018-12-31'),value_as_number=MP_DISABL,attr_source_value='MP_DISABL',value_source_value=MP_DISABL)""]}"
217,1234,EPL_CROWD,Percentile percentage households with more people than rooms estimate,9999,"{""stage_transform"":[""dplyr::mutate(staged,geom_join_column=FIPS,attr_start_date=as.Date('2018-01-01'),attr_end_date=as.Date('2018-12-31'),value_as_number=EPL_CROWD,attr_source_value='EPL_CROWD',value_source_value=EPL_CROWD)""]}"
144,1234,M_PCI,"Per capita income estimate MOE, 2014-2018 ACS",9999,"{""stage_transform"":[""dplyr::mutate(staged,geom_join_column=FIPS,attr_start_date=as.Date('2018-01-01'),attr_end_date=as.Date('2018-12-31'),value_as_number=M_PCI,attr_source_value='M_PCI',value_source_value=M_PCI)""]}"
230,1234,F_AGE17,"Flag - the percentage of persons aged 17 and younger is in the 90th percentile (1 = yes, 0 = no)",9999,"{""stage_transform"":[""dplyr::mutate(staged,geom_join_column=FIPS,attr_start_date=as.Date('2018-01-01'),attr_end_date=as.Date('2018-12-31'),value_as_number=F_AGE17,attr_source_value='F_AGE17',value_source_value=F_AGE17)""]}"
242,1234,F_THEME4,Sum of flags for Housing Type/ Transportation theme,9999,"{""stage_transform"":[""dplyr::mutate(staged,geom_join_column=FIPS,attr_start_date=as.Date('2018-01-01'),attr_end_date=as.Date('2018-12-31'),value_as_number=F_THEME4,attr_source_value='F_THEME4',value_source_value=F_THEME4)""]}"
248,1234,E_DAYPOP,"Adjunct variable - Estimated daytime population, LandScan 2018",9999,"{""stage_transform"":[""dplyr::mutate(staged,geom_join_column=FIPS,attr_start_date=as.Date('2018-01-01'),attr_end_date=as.Date('2018-12-31'),value_as_number=E_DAYPOP,attr_source_value='E_DAYPOP',value_source_value=E_DAYPOP)""]}"
204,1234,RPL_THEME1,Percentile ranking for Socioeconomic theme summary,9999,"{""stage_transform"":[""dplyr::mutate(staged,geom_join_column=FIPS,attr_start_date=as.Date('2018-01-01'),attr_end_date=as.Date('2018-12-31'),value_as_number=RPL_THEME1,attr_source_value='RPL_THEME1',value_source_value=RPL_THEME1)""]}"
151,1234,E_DISABL,"Civilian noninstitutiona lized population with a disability estimate, 2014-2018 ACS",9999,"{""stage_transform"":[""dplyr::mutate(staged,geom_join_column=FIPS,attr_start_date=as.Date('2018-01-01'),attr_end_date=as.Date('2018-12-31'),value_as_number=E_DISABL,attr_source_value='E_DISABL',value_source_value=E_DISABL)""]}"
161,1234,E_MOBILE,"Mobile homes estimate, 2014-2018 ACS",9999,"{""stage_transform"":[""dplyr::mutate(staged,geom_join_column=FIPS,attr_start_date=as.Date('2018-01-01'),attr_end_date=as.Date('2018-12-31'),value_as_number=E_MOBILE,attr_source_value='E_MOBILE',value_source_value=E_MOBILE)""]}"
166,1234,M_NOVEH,"Households with no vehicle available estimate MOE, 2014-2018 ACS",9999,"{""stage_transform"":[""dplyr::mutate(staged,geom_join_column=FIPS,attr_start_date=as.Date('2018-01-01'),attr_end_date=as.Date('2018-12-31'),value_as_number=M_NOVEH,attr_source_value='M_NOVEH',value_source_value=M_NOVEH)""]}"
163,1234,E_CROWD,"At household level (occupied housing units), more people than rooms estimate, 2014-2018 ACS",9999,"{""stage_transform"":[""dplyr::mutate(staged,geom_join_column=FIPS,attr_start_date=as.Date('2018-01-01'),attr_end_date=as.Date('2018-12-31'),value_as_number=E_CROWD,attr_source_value='E_CROWD',value_source_value=E_CROWD)""]}"
244,1234,E_UNINSUR,"Adjunct variable - Uninsured in the total civilian noninstitutiona lized population estimate, 2014-2018 ACS",9999,"{""stage_transform"":[""dplyr::mutate(staged,geom_join_column=FIPS,attr_start_date=as.Date('2018-01-01'),attr_end_date=as.Date('2018-12-31'),value_as_number=E_UNINSUR,attr_source_value='E_UNINSUR',value_source_value=E_UNINSUR)""]}"
203,1234,SPL_THEME1,Sum of series for Socioeconomic theme,9999,"{""stage_transform"":[""dplyr::mutate(staged,geom_join_column=FIPS,attr_start_date=as.Date('2018-01-01'),attr_end_date=as.Date('2018-12-31'),value_as_number=SPL_THEME1,attr_source_value='SPL_THEME1',value_source_value=SPL_THEME1)""]}"
149,1234,E_AGE17,"Persons aged 17 and younger estimate, 2014-2018 ACS",9999,"{""stage_transform"":[""dplyr::mutate(staged,geom_join_column=FIPS,attr_start_date=as.Date('2018-01-01'),attr_end_date=as.Date('2018-12-31'),value_as_number=E_AGE17,attr_source_value='E_AGE17',value_source_value=E_AGE17)""]}"
239,1234,F_CROWD,"Flag - the percentage of crowded households is in the 90th percentile (1 = yes, 0 = no)",9999,"{""stage_transform"":[""dplyr::mutate(staged,geom_join_column=FIPS,attr_start_date=as.Date('2018-01-01'),attr_end_date=as.Date('2018-12-31'),value_as_number=F_CROWD,attr_source_value='F_CROWD',value_source_value=F_CROWD)""]}"
193,1234,EP_CROWD,Percentage of occupied housing units with more people than rooms estimate,9999,"{""stage_transform"":[""dplyr::mutate(staged,geom_join_column=FIPS,attr_start_date=as.Date('2018-01-01'),attr_end_date=as.Date('2018-12-31'),value_as_number=EP_CROWD,attr_source_value='EP_CROWD',value_source_value=EP_CROWD)""]}"
181,1234,EP_DISABL,"Percentage of civilian noninstitutiona lized population with a disability estimate, 2014-2018 ACS",9999,"{""stage_transform"":[""dplyr::mutate(staged,geom_join_column=FIPS,attr_start_date=as.Date('2018-01-01'),attr_end_date=as.Date('2018-12-31'),value_as_number=EP_DISABL,attr_source_value='EP_DISABL',value_source_value=EP_DISABL)""]}"
184,1234,MP_SNGPNT,"Percentage of single parent households with children under 18 estimate MOE, 2014-2018 ACS",9999,"{""stage_transform"":[""dplyr::mutate(staged,geom_join_column=FIPS,attr_start_date=as.Date('2018-01-01'),attr_end_date=as.Date('2018-12-31'),value_as_number=MP_SNGPNT,attr_source_value='MP_SNGPNT',value_source_value=MP_SNGPNT)""]}"
247,1234,MP_UNINSUR,"Adjunct variable - Percentage uninsured in the total civilian noninstitutiona lized population estimate MOE, 2014-2018 ACS",9999,"{""stage_transform"":[""dplyr::mutate(staged,geom_join_column=FIPS,attr_start_date=as.Date('2018-01-01'),attr_end_date=as.Date('2018-12-31'),value_as_number=MP_UNINSUR,attr_source_value='MP_UNINSUR',value_source_value=MP_UNINSUR)""]}"
185,1234,EP_MINRTY,"Percentage minority (all persons except white, non- Hispanic) estimate, 2014-2018 ACS",9999,"{""stage_transform"":[""dplyr::mutate(staged,geom_join_column=FIPS,attr_start_date=as.Date('2018-01-01'),attr_end_date=as.Date('2018-12-31'),value_as_number=EP_MINRTY,attr_source_value='EP_MINRTY',value_source_value=EP_MINRTY)""]}"
245,1234,M_UNINSUR,"Adjunct variable - Uninsured in the total civilian noninstitutiona lized population estimate MOE, 2014-2018 ACS",9999,"{""stage_transform"":[""dplyr::mutate(staged,geom_join_column=FIPS,attr_start_date=as.Date('2018-01-01'),attr_end_date=as.Date('2018-12-31'),value_as_number=M_UNINSUR,attr_source_value='M_UNINSUR',value_source_value=M_UNINSUR)""]}"
173,1234,EP_PCI,"Per capita income estimate, 2014-2018 ACS",9999,"{""stage_transform"":[""dplyr::mutate(staged,geom_join_column=FIPS,attr_start_date=as.Date('2018-01-01'),attr_end_date=as.Date('2018-12-31'),value_as_number=EP_PCI,attr_source_value='EP_PCI',value_source_value=EP_PCI)""]}"
157,1234,E_LIMENG,"Persons (age 5+) who speak English ""less than well"" estimate, 2014-2018 ACS",9999,"{""stage_transform"":[""dplyr::mutate(staged,geom_join_column=FIPS,attr_start_date=as.Date('2018-01-01'),attr_end_date=as.Date('2018-12-31'),value_as_number=E_LIMENG,attr_source_value='E_LIMENG',value_source_value=E_LIMENG)""]}"
156,1234,M_MINRTY,"Minority (all persons except white, non- Hispanic) estimate MOE, 2014-2018 ACS",9999,"{""stage_transform"":[""dplyr::mutate(staged,geom_join_column=FIPS,attr_start_date=as.Date('2018-01-01'),attr_end_date=as.Date('2018-12-31'),value_as_number=M_MINRTY,attr_source_value='M_MINRTY',value_source_value=M_MINRTY)""]}"
154,1234,M_SNGPNT,"Single parent household with children under 18 estimate MOE, 2014-2018 ACS",9999,"{""stage_transform"":[""dplyr::mutate(staged,geom_join_column=FIPS,attr_start_date=as.Date('2018-01-01'),attr_end_date=as.Date('2018-12-31'),value_as_number=M_SNGPNT,attr_source_value='M_SNGPNT',value_source_value=M_SNGPNT)""]}"
136,1234,M_HU,"Housing units estimate MOE, 2014-2018 ACS",9999,"{""stage_transform"":[""dplyr::mutate(staged,geom_join_column=FIPS,attr_start_date=as.Date('2018-01-01'),attr_end_date=as.Date('2018-12-31'),value_as_number=M_HU,attr_source_value='M_HU',value_source_value=M_HU)""]}"
211,1234,EPL_MINRTY,"Percentile percentage minority (all persons except white, non- Hispanic) estimate",9999,"{""stage_transform"":[""dplyr::mutate(staged,geom_join_column=FIPS,attr_start_date=as.Date('2018-01-01'),attr_end_date=as.Date('2018-12-31'),value_as_number=EPL_MINRTY,attr_source_value='EPL_MINRTY',value_source_value=EPL_MINRTY)""]}"
172,1234,MP_UNEMP,Unemploymen t Rate estimate MOE,9999,"{""stage_transform"":[""dplyr::mutate(staged,geom_join_column=FIPS,attr_start_date=as.Date('2018-01-01'),attr_end_date=as.Date('2018-12-31'),value_as_number=MP_UNEMP,attr_source_value='MP_UNEMP',value_source_value=MP_UNEMP)""]}"
171,1234,EP_UNEMP,Unemploymen t Rate estimate,9999,"{""stage_transform"":[""dplyr::mutate(staged,geom_join_column=FIPS,attr_start_date=as.Date('2018-01-01'),attr_end_date=as.Date('2018-12-31'),value_as_number=EP_UNEMP,attr_source_value='EP_UNEMP',value_source_value=EP_UNEMP)""]}"
208,1234,EPL_SNGPNT,Percentile percentage of single parent households with children under 18 estimate,9999,"{""stage_transform"":[""dplyr::mutate(staged,geom_join_column=FIPS,attr_start_date=as.Date('2018-01-01'),attr_end_date=as.Date('2018-12-31'),value_as_number=EPL_SNGPNT,attr_source_value='EPL_SNGPNT',value_source_value=EPL_SNGPNT)""]}"
139,1234,E_POV,"Persons below poverty estimate, 2014-2018 ACS",9999,"{""stage_transform"":[""dplyr::mutate(staged,geom_join_column=FIPS,attr_start_date=as.Date('2018-01-01'),attr_end_date=as.Date('2018-12-31'),value_as_number=E_POV,attr_source_value='E_POV',value_source_value=E_POV)""]}"
141,1234,E_UNEMP,"Civilian (age 16+) unemployed estimate, 2014-2018 ACS",9999,"{""stage_transform"":[""dplyr::mutate(staged,geom_join_column=FIPS,attr_start_date=as.Date('2018-01-01'),attr_end_date=as.Date('2018-12-31'),value_as_number=E_UNEMP,attr_source_value='E_UNEMP',value_source_value=E_UNEMP)""]}"
226,1234,F_PCI,"Flag - per capita income is in the 90th percentile (1 = yes, 0 = no)",9999,"{""stage_transform"":[""dplyr::mutate(staged,geom_join_column=FIPS,attr_start_date=as.Date('2018-01-01'),attr_end_date=as.Date('2018-12-31'),value_as_number=F_PCI,attr_source_value='F_PCI',value_source_value=F_PCI)""]}"
246,1234,EP_UNINSUR,"Adjunct variable - Percentage uninsured in the total civilian noninstitutiona lized population estimate, 2014-2018 ACS",9999,"{""stage_transform"":[""dplyr::mutate(staged,geom_join_column=FIPS,attr_start_date=as.Date('2018-01-01'),attr_end_date=as.Date('2018-12-31'),value_as_number=EP_UNINSUR,attr_source_value='EP_UNINSUR',value_source_value=EP_UNINSUR)""]}"
148,1234,M_AGE65,"Persons aged 65 and older estimate MOE, 2014-2018 ACS",9999,"{""stage_transform"":[""dplyr::mutate(staged,geom_join_column=FIPS,attr_start_date=as.Date('2018-01-01'),attr_end_date=as.Date('2018-12-31'),value_as_number=M_AGE65,attr_source_value='M_AGE65',value_source_value=M_AGE65)""]}"
165,1234,E_NOVEH,"Households with no vehicle available estimate, 2014-2018 ACS",9999,"{""stage_transform"":[""dplyr::mutate(staged,geom_join_column=FIPS,attr_start_date=as.Date('2018-01-01'),attr_end_date=as.Date('2018-12-31'),value_as_number=E_NOVEH,attr_source_value='E_NOVEH',value_source_value=E_NOVEH)""]}"
140,1234,M_POV,"Persons below poverty estimate MOE, 2014-2018 ACS",9999,"{""stage_transform"":[""dplyr::mutate(staged,geom_join_column=FIPS,attr_start_date=as.Date('2018-01-01'),attr_end_date=as.Date('2018-12-31'),value_as_number=M_POV,attr_source_value='M_POV',value_source_value=M_POV)""]}"
207,1234,EPL_DISABL,Percentile percentage of civilian noninstitutiona lized population with a disability estimate,9999,"{""stage_transform"":[""dplyr::mutate(staged,geom_join_column=FIPS,attr_start_date=as.Date('2018-01-01'),attr_end_date=as.Date('2018-12-31'),value_as_number=EPL_DISABL,attr_source_value='EPL_DISABL',value_source_value=EPL_DISABL)""]}"
224,1234,F_POV,"Flag - the percentage of persons in poverty is in the 90th percentile (1 = yes, 0 = no)",9999,"{""stage_transform"":[""dplyr::mutate(staged,geom_join_column=FIPS,attr_start_date=as.Date('2018-01-01'),attr_end_date=as.Date('2018-12-31'),value_as_number=F_POV,attr_source_value='F_POV',value_source_value=F_POV)""]}"
205,1234,EPL_AGE65,Percentile percentage of persons aged 65 and older estimate,9999,"{""stage_transform"":[""dplyr::mutate(staged,geom_join_column=FIPS,attr_start_date=as.Date('2018-01-01'),attr_end_date=as.Date('2018-12-31'),value_as_number=EPL_AGE65,attr_source_value='EPL_AGE65',value_source_value=EPL_AGE65)""]}"
169,1234,EP_POV,Percentage of persons below poverty estimate,9999,"{""stage_transform"":[""dplyr::mutate(staged,geom_join_column=FIPS,attr_start_date=as.Date('2018-01-01'),attr_end_date=as.Date('2018-12-31'),value_as_number=EP_POV,attr_source_value='EP_POV',value_source_value=EP_POV)""]}"
240,1234,F_NOVEH,"Flag - the percentage of households with no vehicles is in the 90th percentile (1 = yes, 0 = no)",9999,"{""stage_transform"":[""dplyr::mutate(staged,geom_join_column=FIPS,attr_start_date=as.Date('2018-01-01'),attr_end_date=as.Date('2018-12-31'),value_as_number=F_NOVEH,attr_source_value='F_NOVEH',value_source_value=F_NOVEH)""]}"
213,1234,SPL_THEME3,Sum of series for Minority Status/Languag e theme,9999,"{""stage_transform"":[""dplyr::mutate(staged,geom_join_column=FIPS,attr_start_date=as.Date('2018-01-01'),attr_end_date=as.Date('2018-12-31'),value_as_number=SPL_THEME3,attr_source_value='SPL_THEME3',value_source_value=SPL_THEME3)""]}"
176,1234,MP_NOHSDP,Percentage of persons with no high school diploma (25+) estimate MOE,9999,"{""stage_transform"":[""dplyr::mutate(staged,geom_join_column=FIPS,attr_start_date=as.Date('2018-01-01'),attr_end_date=as.Date('2018-12-31'),value_as_number=MP_NOHSDP,attr_source_value='MP_NOHSDP',value_source_value=MP_NOHSDP)""]}"
209,1234,SPL_THEME2,Sum of series for Household Composition theme,9999,"{""stage_transform"":[""dplyr::mutate(staged,geom_join_column=FIPS,attr_start_date=as.Date('2018-01-01'),attr_end_date=as.Date('2018-12-31'),value_as_number=SPL_THEME2,attr_source_value='SPL_THEME2',value_source_value=SPL_THEME2)""]}"
232,1234,F_SNGPNT,"Flag - the percentage of single parent households is in the 90th percentile (1 = yes, 0 = no)",9999,"{""stage_transform"":[""dplyr::mutate(staged,geom_join_column=FIPS,attr_start_date=as.Date('2018-01-01'),attr_end_date=as.Date('2018-12-31'),value_as_number=F_SNGPNT,attr_source_value='F_SNGPNT',value_source_value=F_SNGPNT)""]}"
168,1234,M_GROUPQ,"Persons in group quarters estimate MOE, 2014-2018 ACS",9999,"{""stage_transform"":[""dplyr::mutate(staged,geom_join_column=FIPS,attr_start_date=as.Date('2018-01-01'),attr_end_date=as.Date('2018-12-31'),value_as_number=M_GROUPQ,attr_source_value='M_GROUPQ',value_source_value=M_GROUPQ)""]}"
235,1234,F_LIMENG,"Flag - the percentage those with limited English is in the 90th percentile (1 = yes, 0 = no)",9999,"{""stage_transform"":[""dplyr::mutate(staged,geom_join_column=FIPS,attr_start_date=as.Date('2018-01-01'),attr_end_date=as.Date('2018-12-31'),value_as_number=F_LIMENG,attr_source_value='F_LIMENG',value_source_value=F_LIMENG)""]}"
133,1234,E_TOTPOP,"Population estimate, 2014-2018 ACS",9999,"{""stage_transform"":[""dplyr::mutate(staged,geom_join_column=FIPS,attr_start_date=as.Date('2018-01-01'),attr_end_date=as.Date('2018-12-31'),value_as_number=E_TOTPOP,attr_source_value='E_TOTPOP',value_source_value=E_TOTPOP)""]}"
227,1234,F_NOHSDP,"Flag - the percentage of persons with no high school diploma is in the 90th percentile (1 = yes, 0 = no)",9999,"{""stage_transform"":[""dplyr::mutate(staged,geom_join_column=FIPS,attr_start_date=as.Date('2018-01-01'),attr_end_date=as.Date('2018-12-31'),value_as_number=F_NOHSDP,attr_source_value='F_NOHSDP',value_source_value=F_NOHSDP)""]}"
138,1234,M_HH,"Households estimate MOE, 2014-2018 ACS",9999,"{""stage_transform"":[""dplyr::mutate(staged,geom_join_column=FIPS,attr_start_date=as.Date('2018-01-01'),attr_end_date=as.Date('2018-12-31'),value_as_number=M_HH,attr_source_value='M_HH',value_source_value=M_HH)""]}"
234,1234,F_MINRTY,"Flag - the percentage of minority is in the 90th percentile (1 = yes, 0 = no)",9999,"{""stage_transform"":[""dplyr::mutate(staged,geom_join_column=FIPS,attr_start_date=as.Date('2018-01-01'),attr_end_date=as.Date('2018-12-31'),value_as_number=F_MINRTY,attr_source_value='F_MINRTY',value_source_value=F_MINRTY)""]}"
153,1234,E_SNGPNT,"Single parent household with children under 18 estimate, 2014-2018 ACS",9999,"{""stage_transform"":[""dplyr::mutate(staged,geom_join_column=FIPS,attr_start_date=as.Date('2018-01-01'),attr_end_date=as.Date('2018-12-31'),value_as_number=E_SNGPNT,attr_source_value='E_SNGPNT',value_source_value=E_SNGPNT)""]}"
189,1234,EP_MUNIT,Percentage of housing in structures with 10 or more units estimate,9999,"{""stage_transform"":[""dplyr::mutate(staged,geom_join_column=FIPS,attr_start_date=as.Date('2018-01-01'),attr_end_date=as.Date('2018-12-31'),value_as_number=EP_MUNIT,attr_source_value='EP_MUNIT',value_source_value=EP_MUNIT)""]}"
190,1234,MP_MUNIT,Percentage of housing in structures with 10 or more units estimate MOE,9999,"{""stage_transform"":[""dplyr::mutate(staged,geom_join_column=FIPS,attr_start_date=as.Date('2018-01-01'),attr_end_date=as.Date('2018-12-31'),value_as_number=MP_MUNIT,attr_source_value='MP_MUNIT',value_source_value=MP_MUNIT)""]}"
183,1234,EP_SNGPNT,"Percentage of single parent households with children under 18 estimate, 2014-2018 ACS",9999,"{""stage_transform"":[""dplyr::mutate(staged,geom_join_column=FIPS,attr_start_date=as.Date('2018-01-01'),attr_end_date=as.Date('2018-12-31'),value_as_number=EP_SNGPNT,attr_source_value='EP_SNGPNT',value_source_value=EP_SNGPNT)""]}"
202,1234,EPL_NOHSDP,Percentile Percentage of persons with no high school diploma (age 25+) estimate,9999,"{""stage_transform"":[""dplyr::mutate(staged,geom_join_column=FIPS,attr_start_date=as.Date('2018-01-01'),attr_end_date=as.Date('2018-12-31'),value_as_number=EPL_NOHSDP,attr_source_value='EPL_NOHSDP',value_source_value=EPL_NOHSDP)""]}"
191,1234,EP_MOBILE,Percentage of mobile homes estimate,9999,"{""stage_transform"":[""dplyr::mutate(staged,geom_join_column=FIPS,attr_start_date=as.Date('2018-01-01'),attr_end_date=as.Date('2018-12-31'),value_as_number=EP_MOBILE,attr_source_value='EP_MOBILE',value_source_value=EP_MOBILE)""]}"
212,1234,EPL_LIMENG,"Percentile percentage of persons (age 5+) who speak English ""less than well"" estimate",9999,"{""stage_transform"":[""dplyr::mutate(staged,geom_join_column=FIPS,attr_start_date=as.Date('2018-01-01'),attr_end_date=as.Date('2018-12-31'),value_as_number=EPL_LIMENG,attr_source_value='EPL_LIMENG',value_source_value=EPL_LIMENG)""]}"
167,1234,E_GROUPQ,"Persons in group quarters estimate, 2014-2018 ACS",9999,"{""stage_transform"":[""dplyr::mutate(staged,geom_join_column=FIPS,attr_start_date=as.Date('2018-01-01'),attr_end_date=as.Date('2018-12-31'),value_as_number=E_GROUPQ,attr_source_value='E_GROUPQ',value_source_value=E_GROUPQ)""]}"
220,1234,SPL_THEME4,Sum of series for Housing Type/ Transportation theme,9999,"{""stage_transform"":[""dplyr::mutate(staged,geom_join_column=FIPS,attr_start_date=as.Date('2018-01-01'),attr_end_date=as.Date('2018-12-31'),value_as_number=SPL_THEME4,attr_source_value='SPL_THEME4',value_source_value=SPL_THEME4)""]}"
159,1234,E_MUNIT,"Housing in structures with 10 or more units estimate, 2014-2018 ACS",9999,"{""stage_transform"":[""dplyr::mutate(staged,geom_join_column=FIPS,attr_start_date=as.Date('2018-01-01'),attr_end_date=as.Date('2018-12-31'),value_as_number=E_MUNIT,attr_source_value='E_MUNIT',value_source_value=E_MUNIT)""]}"
195,1234,EP_NOVEH,Percentage of households with no vehicle available estimate,9999,"{""stage_transform"":[""dplyr::mutate(staged,geom_join_column=FIPS,attr_start_date=as.Date('2018-01-01'),attr_end_date=as.Date('2018-12-31'),value_as_number=EP_NOVEH,attr_source_value='EP_NOVEH',value_source_value=EP_NOVEH)""]}"
180,1234,MP_AGE17,"Percentage of persons aged 17 and younger estimate MOE, 2014-2018 ACS",9999,"{""stage_transform"":[""dplyr::mutate(staged,geom_join_column=FIPS,attr_start_date=as.Date('2018-01-01'),attr_end_date=as.Date('2018-12-31'),value_as_number=MP_AGE17,attr_source_value='MP_AGE17',value_source_value=MP_AGE17)""]}"
233,1234,F_THEME2,Sum of flags for Household Composition theme,9999,"{""stage_transform"":[""dplyr::mutate(staged,geom_join_column=FIPS,attr_start_date=as.Date('2018-01-01'),attr_end_date=as.Date('2018-12-31'),value_as_number=F_THEME2,attr_source_value='F_THEME2',value_source_value=F_THEME2)""]}"
175,1234,EP_NOHSDP,Percentage of persons with no high school diploma (age 25+) estimate,9999,"{""stage_transform"":[""dplyr::mutate(staged,geom_join_column=FIPS,attr_start_date=as.Date('2018-01-01'),attr_end_date=as.Date('2018-12-31'),value_as_number=EP_NOHSDP,attr_source_value='EP_NOHSDP',value_source_value=EP_NOHSDP)""]}"
241,1234,F_GROUPQ,"Flag - the percentage of persons in institutionalize d group quarters is in the 90th percentile (1 = yes, 0 = no)",9999,"{""stage_transform"":[""dplyr::mutate(staged,geom_join_column=FIPS,attr_start_date=as.Date('2018-01-01'),attr_end_date=as.Date('2018-12-31'),value_as_number=F_GROUPQ,attr_source_value='F_GROUPQ',value_source_value=F_GROUPQ)""]}"
